title	BV	tname	time	up_uid	up_name	view	like	coin	share	rcmd_reason
那些出了省就乱来的美食！	BV1d94y1p7zB	搞笑	2023-09-22 19:03:14	95515699	粤知一二	935810	94275	2142	1221	无推荐理由
《崩坏3》第二部预告	BV1oy4y1F75C	手机游戏	2023-09-22 11:17:56	27534330	崩坏3第一偶像爱酱	1499734	153616	69173	72369	百万播放
你出现在我诗的每一页	BV1H84y1D7ti	搞笑	2023-09-22 13:29:26	302338318	李炮炮儿	2316981	345961	30758	8442	百万播放
今日，我虽死，（                        ）！！！！！	BV1DV411A7Ck	鬼畜剧场	2023-09-22 03:34:49	1123353719	万灵缝合厂	2012661	255865	112950	15840	百万播放
我求婚了，但是……	BV1Y34y1A7R1	日常	2023-09-22 14:23:02	447317111	Meetfood觅食	696225	133268	143821	4226	13万点赞
仅此一枚的胜机【水无月菌】	BV1e8411y7ps	桌游棋牌	2023-09-22 17:43:31	1958342	水无月菌	681851	91822	64766	9087	9万点赞
以假乱真的“假包菜” 你见过吗？	BV1Qu4y1z7WB	科学科普	2023-09-22 18:21:35	439478093	中国食品报融媒体	477477	41091	1438	774	无推荐理由
伍佰郑州演唱会话筒不拿了，吉他也不背了，风扇一开他开始指挥了！	BV1r94y1p7Qf	音乐现场	2023-09-22 13:08:17	487614876	四川观察	1398705	58706	1019	10277	无推荐理由
如果没了中秋甚至春节 我们会变成什么样呢？	BV1xN411H73u	出行	2023-09-20 17:07:52	1220366646	野游记_	1182375	99909	6642	746	百万播放
我写了一首歌，送给所有女生的《初潮》	BV17p4y1P7G5	原创音乐	2023-09-21 22:17:19	337312411	翠花不太脆	721235	99369	15307	2690	9万点赞
“小塔乔”的资产有多少？【奇葩小国49】	BV1Wz4y1L7zE	人文历史	2023-09-21 11:23:31	23947287	小约翰可汗	1332615	127536	63531	3380	百万播放
面对英国队的惊艳表现，中国队三朵金花上演无敌风火轮，强势摘金	BV1TV411A7LC	竞技体育	2023-09-20 18:17:21	702853233	高歌体育	5302107	531276	17217	7873	百万播放
【独家/完结】时光代理人 第二季 第12集 不能没有好哥哥【7月国创】	BV1du411g7tS	国产动画	2023-09-22 09:14:32	98627270	哔哩哔哩国创	1673493	37746	25852	2130	无推荐理由
【动捕演员的日常】我是一个有坚持的乙方！甲方说改咱就改	BV1N34y1A7So	单机游戏	2023-09-22 16:00:55	3546375581075852	曦曦鱼SAKANA	568888	45269	3401	870	单机游戏·人气飙升
过年过节回村说的话，后劲真大	BV1ZV411A7Us	搞笑	2023-09-22 16:40:34	1155574439	真子日记	710521	54074	2006	756	无推荐理由
鉴定咬伤粉丝的毒蛇(2)老人自述被五步蛇咬伤！但其实并不是？应该用什么血清？	BV1fh4y1h7z3	科学科普	2023-09-20 21:43:17	25126508	世界记忆大师龙雅	1594685	122943	23545	1401	百万播放
【摩斯神探】超燃打斗，影史最励志的拳击片之一，拳王《奎迪》的诞生	BV1BH4y1S7rK	影视杂谈	2023-09-21 14:51:34	73528331	摩斯神探	1472821	94392	3068	371	百万播放
真实故事改编，听我的别来挑战自己，泪点低的千万不要看	BV1qw41127xG	影视杂谈	2023-09-22 18:36:46	604710494	长片短解	272722	18443	1711	442	无推荐理由
挑战！给130位师生做一顿饭！今天这条视频可是你和我一起完成的哦~	BV1kp4y1w7gY	美食制作	2023-09-22 14:05:40	504648459	安秋金	411035	62942	39463	204	6万点赞
100斤榴莲做的榴莲万层，怎么好像不太受欢迎	BV1rp4y1w7y6	美食侦探	2023-09-22 16:35:28	3493260093819171	李维刚的日常	472033	46313	2283	669	无推荐理由
【科马洛夫之死】找尸体只剩下一块碎肉，人类太空探索第一位牺牲的宇航员	BV1dp4y1w7gU	人文历史	2023-09-22 14:25:54	490505561	郑郑得证	478185	23094	1461	315	无推荐理由
「HAPPY END」——《崩坏3》S级角色「月下誓约·予爱以心」宣传PV	BV1ej411k7Bt	手机游戏	2023-09-20 19:38:56	27534330	崩坏3第一偶像爱酱	1117285	114787	63160	19152	百万播放
来深圳打工两个月后，我才知道：“人不仅仅是要活着…”	BV1Q84y1S7Gk	日常	2023-09-19 12:56:23	628368628	卜谷w	5213644	350687	257394	43958	百万播放
鸡  汤  来  咯	BV1jF411m7i6	日常	2023-09-22 17:11:11	219683419	演员陆二喜	515451	43968	8916	1115	日常·人气飙升
万字详拆芯片：人类算力被锁死了吗？	BV1Ap4y1w7a9	科学科普	2023-09-21 21:13:11	3546390628141921	宁拨打的用户正忙	521855	44575	40637	5348	很多人点赞
《鹊刀门传奇》大结局来了！酣畅淋漓，令人回味无穷！	BV1Mw411m7YE	影视杂谈	2023-09-22 13:26:21	79061224	刘老师说电影	529026	39590	15085	557	无推荐理由
真精彩。	BV18H4y1m7Q6	小剧场	2023-09-22 17:23:19	373388923	脱缰凯Kk	796817	96363	4689	711	9万点赞
这期视频我拍了整整七年….	BV1294y1p7HV	日常	2023-09-22 19:14:52	31438993	小桑菜奈	300421	25622	9503	765	无推荐理由
这就是我拒绝预制菜的理由	BV1xP411b7pA	日常	2023-09-21 22:28:51	28141208	天天向上吴万杰	833889	40192	690	303	无推荐理由
骑行阿富汗，塔利班士兵手持火箭筒欢送，狂奔120公里夜入喀布尔	BV1Su4y1z7AM	出行	2023-09-22 18:37:18	479592209	朱志文环球骑行	362918	30815	15307	1680	出行·人气飙升
“释小龙”大战师尊	BV1i84y1S7g1	小剧场	2023-09-21 11:58:37	388477943	薪儿姐师尊	957611	79735	6889	4011	7万点赞
17年前仅20MB容量的国产悬疑游戏竟领先国外！	BV1dP411b7Lm	单机游戏	2023-09-22 15:36:54	10558098	黑镖客梦回	274283	27396	6633	308	很多人点赞
无敌的我，又双叒回来了！	BV1Gj41187gr	电子竞技	2023-09-22 21:52:10	405370021	尴尬的铁根er	408505	37350	1530	214	无推荐理由
普通出身，如何最大限度“利用”大学？【学生请一定看完！】	BV1XH4y1S7vn	校园学习	2023-09-22 14:12:39	106685726	二二酸酸	155525	19340	9455	2432	无推荐理由
慎入！高速摄影机拍挤痘痘，酸爽溢出屏幕！	BV16N411H7tZ	科学科普	2023-09-21 13:51:03	407054668	亿点点不一样	1358097	122741	33981	21476	百万播放
就算步子乱了又如何，接着跳下去就好了，高分经典《闻香识女人》	BV1rH4y1m7bC	影视杂谈	2023-09-22 03:42:01	1119253352	顾我电影	153215	14474	3971	328	无推荐理由
【艾叔】宁波1100m²超大平层，光保姆间就三室一厅+宠物房	BV1oj411k7AJ	家居房产	2023-09-21 23:41:24	470156882	小艾大叔	302217	15082	4455	6394	无推荐理由
美国警察把痔疮当毒品，猛掏三分钟！【阅片无数3rd 10】	BV1kk4y1F7Hd	搞笑	2023-09-19 20:11:40	14110780	凉风Kaze	3893562	199591	31917	17005	百万播放
推开门我就知道住进这个宿舍大学生活完了	BV1Qh4y1A75y	搞笑	2023-09-21 18:04:04	1659651634	七颗猩猩QKXX	1523845	88845	751	1209	无推荐理由
假如新三国一人只有一句台词(3)	BV1K94y1p7Ng	影视剪辑	2023-09-20 17:00:46	1935549866	剪剪剪个视频	936753	50557	9042	6627	5万点赞
用一种很新的方式打开愚人众	BV1ez4y1V7xY	短片·手书	2023-09-22 17:18:39	59905809	哦呼w	116824	20924	6224	1921	很多人点赞
这玩意凭什么火了1900年？？？！！！	BV15u411w7Mi	手工	2023-09-18 22:09:03	1420982	黑猫厨房	4505559	382246	384323	5574	百万播放
火了300多年的玩意儿，吃起来居然这么上头？！	BV1YN411H7zF	美食制作	2023-09-21 02:17:29	18202105	绵羊料理	1758565	161192	49472	2727	百万播放
黄金龙虾的基因到底有多强大啊？蓝龙和紫龙竟然都怀孕了	BV1oj411k7av	日常	2023-09-21 18:10:55	241276720	大船小海vlog	1669443	82331	542	115	无推荐理由
医生：交给我，我保证让她活下来！	BV1F34y1N7GN	搞笑	2023-09-20 18:00:09	686554512	益加医8	784939	75076	8628	1540	7万点赞
39首连跳！十分钟带你看完十年舞蹈区~刻进DNA的经典你看过几首？	BV1s8411v7i6	舞蹈综合	2023-09-21 22:19:37	837470	桃核叫我桃道长	145447	14006	9691	698	很多人点赞
换C口，有意义吗？iPhone15Pro实机评测！	BV1nV411A7pe	数码	2023-09-19 19:55:36	946974	影视飓风	4482674	298119	196087	46416	百万播放
“以前的花絮是真花絮，现在的花絮都开始演了”	BV1v94y1p7zb	影视剪辑	2023-09-21 20:52:36	179468589	柠檬_不萌有点酸	367144	14141	1815	792	无推荐理由
《崩坏：星穹铁道》TGS参展视频：「掌中宇宙」	BV1by4y1F7dx	手机游戏	2023-09-21 19:15:07	1340190821	崩坏星穹铁道	614182	73044	8299	5881	7万点赞
非诚勿扰：最二次元的一集！	BV1xp4y1w7im	鬼畜剧场	2023-09-22 12:02:55	429765143	快乐阿依	473913	24950	2797	5969	无推荐理由
原来这世界上真的有侠客！	BV1qj411k7PT	综合	2023-09-21 17:01:34	14081338	白夜梦的摸鱼时间	415686	73107	11646	2193	7万点赞
我用味精熟成牛肉，21天这块牛排味极鲜！	BV14z4y1L7Ko	美食制作	2023-09-20 21:33:26	338927049	燕子堡BBQ学徒Ray	1444399	78729	19063	1922	百万播放
短短500抽，主播送出上千块钱还感觉像在做梦！	BV1jP411b7p6	手机游戏	2023-09-20 23:59:23	4059920	靖菌命	721031	92382	60364	12918	9万点赞
即热净水器怎么选？主流机型三款拆解对比	BV1yu4y1r77X	数码	2023-09-21 20:16:45	483311105	先看评测	250233	12621	1336	362	无推荐理由
我帮全村老人拍好了遗照（后续）	BV1x94y1p7sR	三农	2023-09-21 20:53:11	1457645949	吴木良	713924	57673	21639	1283	5万点赞
“奢 香 夫 人 官 方 M V”【唢呐】	BV1Y8411y7UW	演奏	2023-09-22 19:30:27	42561463	浑元Rysn	225331	18699	3607	602	演奏·人气飙升
【假装讲电影】笑死！少女惨遭诈骗！重金聘请职业演员对决诈骗团伙！	BV1Yu411g7ZZ	影视杂谈	2023-09-22 14:27:57	407275913	假装讲电影	232827	20881	7542	332	影视杂谈·人气飙升
废柴责任有限公司-公司这回真黄了	BV1Ez4y1L7G5	短片	2023-09-19 17:56:01	605439725	废柴责任有限公司	2275579	249156	33346	497	百万播放
猫猫舔毛时抓住他的腿会怎么样	BV14z4y1L71W	喵星人	2023-09-20 15:05:47	35110704	古明gome	1264281	72919	633	1371	无推荐理由
对不起，我走不出来	BV1T34y1N7Jh	影视剪辑	2023-09-20 00:38:01	286922198	Dd不会剪辑	1129809	110173	23671	3207	百万播放
【你以为的俯冲攻击 VS 现实中的俯冲攻击】 战斗机正确的俯冲攻击是什么样的？	BV1Gj411C7RN	科工机械	2023-09-22 12:59:19	1915842925	一只野飞友	261479	14322	1039	685	无推荐理由
【亚运会】吴艳妮招牌动作的秘密	BV1Zw411e7M2	健身	2023-09-21 15:32:40	434378423	闫帅奇	1955216	171654	3581	2601	百万播放
当我向别人推荐自己喜欢的电视剧时……	BV1YK4y1w78E	搞笑	2023-09-21 18:02:31	1532165	papi酱	1481916	151441	6774	5764	无推荐理由
影视飓风的iPhone评测是这样拍的。。。	BV1Fw411v7q7	野生技能协会	2023-09-22 18:39:14	1780480185	飓多多StormCrew	180364	28120	6255	765	很多人点赞
一场游戏引发的不欢而散……	BV1Pu411w78u	搞笑	2023-09-21 18:11:39	3461565017754459	b阿牛小卖部	780963	38378	747	238	无推荐理由
《崩坏3》七周年庆典节目录像	BV1fy4y1F7Jq	手机游戏	2023-09-22 21:03:52	27534330	崩坏3第一偶像爱酱	283473	29413	7427	1963	很多人点赞
璐璐！到了大城市要照顾好自己啊！	BV1qu411g7qj	搞笑	2023-09-22 21:30:25	3461565017754459	b阿牛小卖部	229054	21399	809	344	无推荐理由
画了一只卧草猫，吓得方圆三里没有老鼠！完美！	BV1t84y1D74J	绘画	2023-09-22 19:30:26	1838326986	帅农鸟哥	170210	20272	2846	268	绘画·人气飙升
上厕所被白猫砸进了医院，大家以我为戒	BV1E94y1a7NQ	喵星人	2023-09-22 17:44:43	2805967	隔壁公司的傻狗	186169	25341	1345	2216	喵星人·人气飙升
拿捏！和女友挑战一天只用5句录音对话…她又破防了！	BV1Dy4y1F7RF	搞笑	2023-09-22 16:19:21	285571498	盖里老哥	385600	30665	3738	761	搞笑·人气飙升
见识一下我原始天尊的法身！	BV13y4y1F7iq	电子竞技	2023-09-21 18:01:20	405370021	尴尬的铁根er	1497618	87038	2756	657	无推荐理由
⚡我们结婚了！！⚡	BV1Hh4y1A75e	人力VOCALOID	2023-09-17 11:16:15	19071708	潮汕好男人	1396658	72494	19165	10221	百万播放
那些结婚说不哭的人，最后会哭成啥样？	BV148411v7hD	美妆护肤	2023-09-19 19:27:44	1869712375	山城小栗旬的理发日记	3645450	351047	35866	5348	百万播放
高铁是朝五晚九的奔波，火车是人间烟火的相遇	BV1Yu411c7NL	小剧场	2023-09-18 14:18:51	1209678804	英勇投逝手	3576754	192654	4109	2674	无推荐理由
广州开到凌晨2点的夜茶店,竟然还有蒸大肠!	BV17p4y1w7S6	美食侦探	2023-09-22 14:38:14	6087825	小紧张的虫虫	431559	29128	2971	1225	大家都在搜
大师兄给我当小弟	BV1vu411g7je	搞笑	2023-09-22 19:02:43	1046210349	迂磨二公子	320112	36800	1491	251	无推荐理由
这把吃席堪比巅峰前十晋级赛	BV16N411J7or	美食记录	2023-09-22 17:48:36	3461567041505418	厌离吃席教学	213845	12368	1320	3036	无推荐理由
社死！当女友第一次来我家竟然发现了一箱小雨伞！	BV1Dh4y1a7qU	日常	2023-09-22 12:19:46	2072577982	卑鄙的老曹	376993	23611	5767	1570	无推荐理由
不是每次AA都是平A	BV1ij411k7S3	小剧场	2023-09-21 11:46:44	34009507	-显眼宝-	2457995	242108	6525	1811	无推荐理由
中东混血留学生成功驯服凶猛眼镜蛇的珍贵视频	BV1rm4y1N76c	日常	2023-09-17 20:08:24	458119351	商羽三叶	968694	110094	2403	7774	10万点赞
审视自己。	BV1gw411v74Q	搞笑	2023-09-22 18:27:26	543931452	古呀老师	332362	56396	1456	587	5万点赞
美人关...真就这么难过吗？	BV11w411v7Lh	国风舞蹈	2023-09-22 03:12:04	27565758	-小D-biu	420068	29370	7674	967	很多人点赞
儿子周末想吃烧烤，胖龙阳台大串烤羊肉，美美的吃上一顿！	BV1JV411A7h6	美食记录	2023-09-20 15:34:58	649661652	胖龙的小生活	362902	18117	3497	666	无推荐理由
【享拆】iPhone 15 Pro 系列拆解：年复一年，还能看到未来么？	BV1c94y1W77E	数码	2023-09-22 23:29:40	347441270	微机分WekiHome	99433	8775	4075	909	无推荐理由
3动作僵硬即刻舒缓✅一定不要乱转颈部❗️	BV1nK4y1w7Tg	健身	2023-09-21 16:14:08	356634017	孔博士工作室	507486	19406	2916	2959	无推荐理由
尝了一次潮汕牛肉火锅再次感叹，广东人是真会吃！！！	BV1Tj411C7zX	美食测评	2023-09-21 11:38:09	2920960	大祥哥来了	287281	17926	2371	1031	无推荐理由
刘德华全新献唱！人民日报杭州亚运会助威曲《登场》	BV1az4y1L7dL	MV	2023-09-19 18:01:57	1131457022	人民日报	10025661	472991	71766	19373	百万播放
外国人第一次听李宗盛《山丘》，独有的经典唱腔令人着迷	BV1uN4y197Ua	乐评盘点	2023-09-08 13:45:18	1395043421	JoeCreator	389500	25116	10608	572	无推荐理由
"当你在""社恐之国""芬兰搬进了一个芬兰人社区......"	BV1ej411k7Pv	日常	2023-09-19 18:09:16	48040948	北极圈芬兰大鱼real	703290	86832	2355	778	8万点赞
“圣光”降临，循光而来	BV1nV411A74H	仿妆cos	2023-09-20 17:54:33	1477074	菌儿rikushi	588742	62936	4239	1549	6万点赞
设定上我是个经常需要戴帽子的角色	BV1Ly4y1F7P9	小剧场	2023-09-21 22:51:42	424658638	四夕小田木_已黑化_	192474	24816	2869	603	小剧场·人气飙升
他大概也在怀念吧	BV1gp4y1w7YT	汪星人	2023-09-21 17:31:59	85117067	凯文呐Na	634641	94784	1136	1268	9万点赞
华语TOP50猜歌名！有人急红了脸，有人唱湿了眼…	BV1ym4y157iW	音乐综合	2023-09-22 13:55:04	208130286	大物是也	202509	14121	7900	753	音乐综合·人气飙升
技术在灵魂面前必输。	BV1xN411H7B4	时尚潮流	2023-09-21 13:42:12	480959917	良田田田	515948	81735	11845	4145	8万点赞
我无法理解的是，这个小白猫是怎么跑到那么高的位置的	BV1Yz4y1V76J	喵星人	2023-09-22 17:43:02	508416316	本喵叫兔兔	223428	33478	15195	214	很多人点赞
棍子沾碘伏，边敲边消毒！	BV1EP411b7K5	电子竞技	2023-09-21 17:28:17	34808983	脏船长	585229	60606	31888	678	6万点赞
一吵架就想喝农药的，看下这条视频吧	BV1BK4y1w7Ge	三农	2023-09-20 18:25:19	414700515	龙腾虎跃龙兽医	1635705	127644	6204	986	无推荐理由
【STN选题会】卡普空的艺人不好当，艾达王不仅整容还打针	BV15j41187Nu	单机游戏	2023-09-22 18:06:31	7349	STN工作室	275689	23826	6460	375	无推荐理由
三月七同行，揭晓开服伏笔？符玄与古文，星空的诗意！	BV1uh4y1Y7GQ	手机游戏	2023-09-22 11:33:41	7466789	Jerryprpr	215134	30108	7074	1251	很多人点赞
我买了全世界最快的栓动步枪！是什么体验？服役超过上百年！	BV1wh4y1a7Gg	日常	2023-09-21 03:02:20	6336952	老李船长	190833	13870	3272	155	很多人点赞
海贼王1093话完整解说：五档路飞变身“太阳神”！大将黄猿展现超强战力！未来岛乱战极限反转，五老星终于要下场了？	BV1yh4y1a7PX	动漫杂谈	2023-09-22 16:37:14	488779255	动漫作业本	315638	17332	2520	526	无推荐理由
华语乐坛第一小品演员！抽象教父是怎么练成的？陶喆：26年的爱与抽象【超主观伪纪录片】	BV1Lm4y157v3	乐评盘点	2023-09-21 03:37:15	6089572	皇室嘿嘿嘿	326253	16179	14182	2503	无推荐理由
真不敢相信这是真实事件，太疯狂了，一个瘾君子竟然能破茧重生成世界冠军	BV1NK4y1w7d8	影视杂谈	2023-09-19 16:29:13	604710494	长片短解	2034245	119818	12485	2194	百万播放
来 给高地整个活！	BV1zV411A7cW	电子竞技	2023-09-21 16:47:11	403090944	世界第一路人劫	513090	40590	8826	242	无推荐理由
这种没法攻略的年长者真是太妙了！！（精神失常	BV17m4y157wa	搞笑	2023-09-21 15:51:50	80991539	聊点什么叭	301391	32008	9244	1407	很多人点赞
时间暂停怎么实现?【司徒之脑洞】	BV12K4y1F7tt	科学科普	2023-09-22 14:12:00	1271916102	上将王司徒	253168	28176	1914	205	无推荐理由
《原神》那维莱特角色PV——「水中之眼」	BV1iP411b7fH	手机游戏	2023-09-20 19:35:11	401742377	原神	2411345	217906	64423	39677	百万播放
咒术回战236话完整解说：回到那个夏天。	BV1H94y1a7kB	动漫杂谈	2023-09-22 16:55:22	1057241855	五个光	368112	21969	4066	1573	无推荐理由
临期食品那么便宜，吃下去真的没问题吗？【食录】	BV12H4y1m7aC	科学科普	2023-09-22 18:20:00	1937308559	赛博食录	193968	13604	1704	503	很多人点赞
瘦了28斤的减重心法，兄弟们我真的全盘托出了！	BV1ry4y1F7Ek	日常	2023-09-21 21:39:01	1935882	指法芬芳张大仙	740060	83304	3472	2849	8万点赞
我终于活成了小学生羡慕的样子3.0	BV1CN411H7LW	美食制作	2023-09-20 15:17:27	3334179	我的样子平平无奇	2250279	121248	31033	6085	百万播放
美女厨房+新家room tour！晚上整点小麦果汁聊聊关于我的Q&A~	BV1N94y1W7U8	日常	2023-09-22 16:19:42	389995459	610是蛋宝	149923	5715	2670	124	无推荐理由
近年来最好的韩国电影《燃烧》：年轻人为何愤怒？	BV1d94y1p7dn	影视杂谈	2023-09-22 20:41:37	624052719	切片计划	67576	6212	4342	710	无推荐理由
绝世纯爱战神-付航脱口秀	BV1a84y1S7J8	搞笑	2023-09-21 17:47:46	57592895	付航脱口秀	576162	68457	4874	7185	6万点赞
卫临：从来不打低端局，杀人只用半步棋【用卫临视角打开甄嬛传】	BV1XH4y1S7ek	影视杂谈	2023-09-22 15:27:02	96967343	大喜唠嗑家	213658	17312	2534	793	无推荐理由
领导，是不是第一次吃细糠呀？	BV1rz4y1V72t	搞笑	2023-09-22 18:03:35	3493260618106936	伤心欲茄222	284931	42798	788	2472	无推荐理由
国外声乐老师对比《青藏高原》龚琳娜 韩红 张惠妹 茜拉 阿兰 各版本 REACTION	BV13u411w7cA	乐评盘点	2023-09-20 21:35:05	7295246	JKAI杰凯	193737	11063	2746	304	无推荐理由
穿越成了千金大小姐，可女主带着重生的记忆和我杠上了【女主你别靠近】	BV1vh4y1a7C5	国产原创相关	2023-09-22 18:21:25	654552	圆桌动漫	153286	13500	2619	264	无推荐理由
《未定事件簿》「最后的龙息」活动PV：宿命异途，墟境哀歌	BV1du4y1z7Sr	手机游戏	2023-09-22 10:31:46	436175352	未定事件簿	454666	44440	14013	18853	1万分享
当 代 年 轻 人 消 费 现 状	BV19P411t7BC	短片·手书	2023-09-18 18:35:59	321422126	进击的金厂长	3518170	331278	192506	4426	百万播放
米哈游：就你小子一天天这么二创是吧？？	BV1G8411v7U4	GMV	2023-09-21 11:52:43	349208226	南有风音	261045	40730	3475	4365	GMV·人气飙升
「小白」蔚来NIO Phone体验：汽车厂商造的手机怎么样#？	BV1Kw411v75h	数码	2023-09-21 18:30:32	8969156	小白测评	432027	15238	1300	1937	无推荐理由
一人一狗对抗丧尸末世？两版结局完全相反的影片表达？万字重温《我是传奇》	BV1iC4y1Z7G2	影视杂谈	2023-09-22 14:26:29	942755	迷影至下Filmlast	152497	11212	5885	227	影视杂谈·人气飙升
用这5个姿势玩手机，放松颈椎，缓解腰背疼痛！更多姿势等你解锁～	BV1Tz4y1L7Lr	健身	2023-09-18 13:55:15	472503624	郝强Fit	1414278	57924	6914	17957	百万播放
买300元泡面烧烤开车去野营吃到爽！这就是成年人过家家的奥义？	BV1b8411y7kX	美食制作	2023-09-22 21:29:37	29329085	二喵的饭	143110	17720	4445	390	美食制作·人气飙升
【何同学】十五而立 | iPhone 15 系列首发体验	BV1BH4y1S7BN	数码	2023-09-19 19:54:10	163637592	老师好我叫何同学	2730617	187706	102079	18538	百万播放
史上最感人一期	BV1oN411J78z	搞笑	2023-09-22 19:04:47	498957850	勇敢哥特	231800	30815	616	754	无推荐理由
封神笑榜	BV1eC4y1Z79L	鬼畜剧场	2023-09-22 04:09:06	71596354	金渐层烤猪	203203	12170	4074	3384	无推荐理由
实地考察在农村挣一百块钱需要多久	BV1Bj411y72a	三农	2023-09-18 16:54:57	1274081856	合肥火阳哥	335875	29036	3416	1386	无推荐理由
iPhone 15 系列开箱：15 还是 Plus 该怎么选？	BV1d34y1w7uC	数码	2023-09-22 19:06:24	25910292	钟文泽	230980	8190	1155	1152	无推荐理由
1分钟学会82老丈人，又硬又有输出！【云顶之弈S9.5】【金铲铲之战】	BV1yu4y1z7DL	电子竞技	2023-09-22 11:02:28	18343134	林小北Lindo	289137	13607	830	616	无推荐理由
笑死...这哪个版本的？DNA都给我创碎了一地！	BV1D8411v7jp	影视剪辑	2023-09-21 11:07:52	37439823	Crazy-face	605118	42966	11923	2371	影视剪辑·人气飙升
【麦家x罗翔x衣戈猜想】人生海海，错了再来	BV1j84y1D7pP	社科·法律·心理	2023-09-22 09:06:08	517327498	罗翔说刑法	278598	32794	8816	2565	无推荐理由
来个解压的~	BV1aj411k7WJ	改装玩车	2023-09-21 17:34:26	22184868	goodgod-auto	1379220	196883	4793	4498	百万播放
【CF手游 X 张韶涵】“山海长卷”版本主题曲《兽》MV正式上线，唱响反杀之歌！	BV1Zu4y1r7Cy	手机游戏	2023-09-21 18:54:09	315554376	穿越火线	1248661	32939	1523	538	无推荐理由
为什么印度是全世界离婚率最低的地方？？？	BV1yz4y1V7iS	社科·法律·心理	2023-09-22 16:25:15	6574487	纳豆奶奶	190173	19256	4542	295	社科·法律·心理·人气飙升
艾薇儿为什么在最火的时候突然消失？“她早就死了？” “假人在替她唱歌？”，当传闻愈演愈烈，她如何重新出发？她去哪了？你不知道的艾薇儿  | Wayne调查	BV1pm4y157ou	人文历史	2023-09-19 15:14:36	495419424	Wayne调查	894354	22322	2361	758	无推荐理由
华为能挡子弹？Mate 60 Pro 碾压 跌落 实弹测试！	BV1L94y1p72w	数码	2023-09-19 21:36:48	483311105	先看评测	2859048	304592	256190	22824	百万播放
【2】在男女贞操观念反过来的异世界！替母从军被各种女人爱...	BV1F34y1A7x9	动漫杂谈	2023-09-22 13:49:27	2233666	周加索	268929	14738	7616	534	无推荐理由
张拿铁又被拒绝了	BV1Rw411e7B6	搞笑	2023-09-21 17:43:45	676128647	张踩铃	628101	45012	1159	749	无推荐理由
他俩保证不笑场	BV1dw411e76H	搞笑	2023-09-20 19:49:03	472807480	中国长安网	1424625	112412	16335	17390	百万播放
《我们好像激怒了他！》	BV1C8411v7zZ	电子竞技	2023-09-21 15:41:41	237311595	BBGG丶狮子喵	678418	67186	1616	252	无推荐理由
好家伙  我都没有勇气看完！#健身整活	BV12u4y1z7bx	运动综合	2023-09-22 14:25:06	1845138780	小熊不吃饼干吖	153729	10159	1365	2018	无推荐理由
测试招募 | 《乖离性百万亚瑟王：环》剧情PV | 交织的命运	BV1Zw411v7wD	手机游戏	2023-09-12 19:51:42	1832605957	乖离性百万亚瑟王环	1039681	10428	1565	5478	无推荐理由
超可爱锦毛鼠的惊天阴谋故事《老鼠爱上猪》！福星高照猪八戒又有新女友了~	BV1Cw41127N6	影视杂谈	2023-09-22 15:12:16	29296192	虫哥说电影	259111	15444	2861	242	无推荐理由
偷子（2）	BV1FN411H79U	搞笑	2023-09-17 04:42:08	5970160	小潮院长	5630636	485226	212037	12812	百万播放
新典韦逆天版《乌！蒙！山！连！着！山！外！山！》	BV17z4y1L7Ky	电子竞技	2023-09-21 14:12:03	910774	木下结草	437572	19661	2055	1790	无推荐理由
红警对手口头说和平却想偷袭！最后点名叫嚣要来单挑打服我！	BV1mu4y1z7si	单机游戏	2023-09-22 09:57:06	1629347259	红警HBK08	269452	21846	6510	285	单机游戏·人气飙升
这套玄策逐风半肉流的强度真的没得说，直接上q区国三！	BV1qw411e7Ms	电子竞技	2023-09-21 21:36:27	481626368	王者荣耀晚风风	372538	15130	506	755	无推荐理由
一张不错的四废卡	BV1GV411A7nF	电子竞技	2023-09-21 21:17:24	13917857	这名字牛啊	409829	39788	1930	2366	无推荐理由
自助餐挑战一个城市的一日三餐，第一站浙江宁波	BV1pV411A7hy	美食侦探	2023-09-21 12:04:32	1618410357	吃不饱仨战士	1038848	81011	2613	3050	无推荐理由
永久下架前最狠的背刺！居然还能比1折新史低更便宜？！【杉果秋季特惠闪促史低游戏推荐】9.21	BV1tu4y1z7EJ	单机游戏	2023-09-21 17:06:39	4186021	初夏ChuXXia	704612	24037	1393	1992	无推荐理由
教00后90后生活之各类鞋子怎么刷！	BV1Gp4y1w7dE	科学科普	2023-09-21 18:37:56	1263990139	机智朱马马	202572	27722	4839	1697	无推荐理由
谁说我们玩帅的不带武警？	BV1Tj411C7Xf	日常	2023-09-21 16:30:22	384298638	浙江共青团	1059871	158778	16231	24818	百万播放
和闺蜜去吃双层火锅鸡，这顿饭吃掉了整个生态圈！猪蹄太香啦～	BV1CN411J7qJ	美食侦探	2023-09-22 17:46:03	649019192	方芳的快乐生活	273546	20133	4281	993	无推荐理由
【VLOG】这次我为什么去澳大利亚购买iPhone15/Pro/Pro Max？｜大耳朵TV	BV1np4y1w7qo	数码	2023-09-22 21:55:27	286187082	大耳朵TV	107600	7175	3550	451	无推荐理由
十年前的他冲撞如火，流水十年后，他更爱平静的生活	BV1Wz4y1V7SY	日常	2023-09-22 18:05:57	3494354914117686	在下辉子	223489	25762	2520	514	无推荐理由
“60%吸血流”疯狗！重做后彻底疯狂......	BV1yN411H7Fo	电子竞技	2023-09-21 22:05:38	1348017030	肖洋哥	497346	20280	1284	177	无推荐理由
在丹麦就是个大熨斗，你想卷，马上给你熨平了#丹麦#海外生活#海外奇遇见闻录 #随拍##记录真实生活	BV148411v7TC	日常	2023-09-21 09:35:10	3494366674946689	丹麦迷歌	564617	44913	913	5887	无推荐理由
探秘中国最贵超市！1000元能买什么？到底有多贵？	BV1Yw411e7N3	美食侦探	2023-09-19 12:25:00	406636263	HOLA小测佬	3607074	146389	28742	7553	百万播放
开 黑 队 友 现 状	BV1Hu411g7Up	网络游戏	2023-09-21 17:09:13	495695169	锤子game	1052249	79992	550	2438	无推荐理由
今天放纵日，集装箱蛋糕登场！	BV1XN411H7tT	健身	2023-09-22 17:10:13	44708078	努力的橙子在增肌	192116	26375	1322	2431	无推荐理由
向女儿奔来的妈妈	BV1Yy4y1F7YT	绘画	2023-09-21 23:02:08	44106618	画画的烛龙	866071	100218	1855	448	9万点赞
《力王》被删改的狱长BOSS战，原著有多精彩离谱？热血解说完整过程！	BV1em4y157AN	影视杂谈	2023-09-21 22:00:21	401641134	阿德LBG	463600	13355	1445	261	无推荐理由
又到了吃蟹的季节，今天做个全蟹宴，安排！	BV1Dh4y1A7bP	美食制作	2023-09-21 15:43:02	531454208	寻真味佬美	428330	26566	807	428	无推荐理由
华为炸裂！手机一波未平，平板一波又起～	BV1aH4y1S7oV	财经商业	2023-09-20 15:45:43	520819684	小Lin说	1818933	100498	35000	4250	百万播放
谷歌出了更抽象的emoji，感觉不比表情包差了已经	BV1BN411H7XS	搞笑	2023-09-19 16:05:15	530646879	你怎么_突然不笑了	2382735	65916	3803	15662	百万播放
汤姆：cos银手但买不到机械臂？断更两周自己做！	BV1Qz4y1V7kV	手工	2023-09-22 18:28:38	11643866	汤姆的混乱空间	163116	19171	4651	669	很多人点赞
【轰】我在娱乐圈拉洗拉料！	BV1nk4y1c7Ku	短片·手书	2023-09-22 19:59:18	3493089977043464	米尼麦泥轰	85048	14873	1568	107	无推荐理由
霸王茶姬全系列23种奶茶大测评！究竟哪款最好喝？？？	BV1H34y1N7yL	美食测评	2023-09-19 13:25:34	478691043	穿毛裤的小拉泽	697557	39806	5174	3999	无推荐理由
每周100万人次，香港人有多爱来深圳消费	BV1Nm4y157F4	出行	2023-09-21 17:37:56	261168118	小豹城市探索	399426	12660	574	1213	无推荐理由
【每天早晨5点起床】我的身体发生了什么变化?!	BV1u8411v7mc	健身	2023-09-18 15:43:45	66391032	帅soserious	2650150	132198	44003	13107	百万播放
不会只有我爸这样吧	BV1yV411A738	搞笑	2023-09-22 16:11:52	1241806378	叫我死盖就好	298106	34733	4697	646	无推荐理由
探秘胡蜂神秘部位，解锁蜂蛹神奇美食	BV15u411w7Ky	美食记录	2023-09-21 23:12:08	1206156500	老郭美食	430644	32412	8064	1259	很多人点赞
摸一下小跳蛛的头	BV1Eu4y1z7Xb	小宠异宠	2023-09-21 15:46:18	169478134	野生型酵母菌	950120	31045	548	4714	无推荐理由
这别墅到底是咋住上的啊？	BV1tV411c7uQ	日常	2023-09-22 13:22:43	3493140184959872	张天琪s	353442	26081	3799	134	无推荐理由
盘点儿时的那些广告，你还记得几个？	BV1Jm4y157DP	设计·创意	2023-09-19 10:06:21	2079057492	小王很头大	930723	19615	2566	3510	无推荐理由
南方人在北方上学要注意什么？	BV1x8411q7vf	搞笑	2023-09-16 01:29:02	95515699	粤知一二	4695700	402520	10948	10311	百万播放
《小貔貅下山记》第二集	BV1o8411v7Uz	小剧场	2023-09-21 17:07:39	543740771	煎饼果仔呀	579819	91174	8626	701	9万点赞
公开处刑！同演消防员，杨洋vs黄景瑜，被吊打！	BV17u4y1z7bK	影视杂谈	2023-09-21 18:52:08	31603563	不八卦会死星人V	464762	16907	918	2706	大家都在搜
米哈游你管这叫崩坏3？！崩坏3第二部前瞻完全解析！	BV1Fh4y1Y7AQ	手机游戏	2023-09-22 22:47:48	8469526	果蝇轰	107816	15308	1551	697	手机游戏·人气飙升
星穹铁道教你0基础做美食	BV1ty4y1F7mU	手机游戏	2023-09-19 20:10:15	1340190821	崩坏星穹铁道	2033729	234148	38926	91517	百万播放
有时候交警拦车，并不是为了处罚	BV1Zp4y1c7Z4	汽车生活	2023-09-20 01:05:52	22649032	大锤RUNKMD	1093954	78601	9455	829	百万播放
细读经典：你管这叫喜剧？开心麻花巅峰之作《驴得水》	BV1184y1S7c1	影视杂谈	2023-09-19 16:52:25	17819768	电影最TOP	1451018	53956	16659	2118	百万播放
假如现实生活也有网络延迟！蚌埠住了，哈哈哈~	BV1t8411y7w3	搞笑	2023-09-22 17:14:17	94281836	文西与阿漆	196485	17882	959	172	无推荐理由
和高中同学恋爱九年并结婚	BV1ij411k7sP	日常	2023-09-20 11:49:52	21669918	瑶瑶怪	543242	25948	6876	2416	无推荐理由
三明真是个好地方，就是船票有点贵。	BV1aN411H7LX	出行	2023-09-20 19:57:28	41637666	洛杉矶嬴政W	924483	101164	9694	3668	10万点赞
美国夫妇领养中国孤儿，从弃婴变成富家千金，10年变化有多大？	BV16P411b7ct	人文历史	2023-09-20 20:37:26	1858520088	见世君	1476752	79819	1172	2003	无推荐理由
电动三轮房车遭遇超级大暴雨能顶得住吗？	BV1np4y1P7MN	出行	2023-09-18 23:57:43	3493268790708969	水煮驴流浪生活	916112	12186	1193	429	无推荐理由
用骨骼和冰白曜石打制的镰刀，死神看了都说好	BV1uH4y1S7kF	极客DIY	2023-09-17 15:06:33	9030440	修一j	2070402	157805	72714	7779	百万播放
不敢逛漫展 怕被社牛调戏	BV1X94y1H7rM	搞笑	2023-09-19 21:42:12	470962000	落九川	1971300	91925	9452	1048	百万播放
【符玄】⚡你能忍受坏蛋的洗脑么⚡ˉ﹃ˉ⚡	BV1oF411U72n	鬼畜调教	2023-09-21 16:02:28	115058458	莉可Kurisu	272478	48513	7489	2860	鬼畜调教·人气飙升
【王刚探店】成都陈氏凉粉，上菜用车推，拿菜全靠抢	BV1fm4y157dU	美食侦探	2023-09-22 15:36:54	429748638	餐饮研究员王刚	256374	17179	2562	964	无推荐理由
中 药 世 家｜【海东老师】2023年9月21直播	BV1tP411b7i8	搞笑	2023-09-21 17:43:55	11083481	海东鉴宝	482475	19957	608	467	无推荐理由
「小白」 红米Note 13 Pro+测评：曲屏IP68+天玑7200 Ultra	BV1Qh4y1A7S8	数码	2023-09-21 16:41:15	8969156	小白测评	712762	22389	2386	2453	无推荐理由
（这也能解说？！）北美赛区街头综合格斗赛！太激情啦！！	BV1G34y1N72z	搞笑	2023-09-21 10:54:34	1372433	Super也好君	188180	23059	1008	750	无推荐理由
【战双帕弥什】新版本「碑火铸脊」PV公开 | 硝烟四起，向死逢生	BV1op4y1c7xN	手机游戏	2023-09-20 16:50:55	382651856	战双帕弥什	834806	25608	6924	2168	无推荐理由
寰宇蝗灾的究极双爆 钞能力下的龋齿模型 硬核推演	BV1mP411b7Bu	手机游戏	2023-09-22 18:18:15	37946619	正人君子大白鸽	136127	10968	3617	1303	无推荐理由
开始狠狠共情学前教育专业了	BV1DV411A7sn	搞笑	2023-09-22 03:52:45	9841658	是莫叔叔吗	272090	28277	6605	1823	搞笑·人气飙升
不求卖得多，只求不翻车！打人比打价格更重要！	BV1Nm4y1L7Z8	出行	2023-09-22 03:19:45	67141499	大漠叔叔	432179	41175	4230	300	出行·人气飙升
【崩坏星穹铁道】KFC肯德基联动 线下攻略	BV1qP411b7aD	手机游戏	2023-09-21 17:26:52	1773346	莴苣某人	344188	33938	832	4147	手机游戏·人气飙升
【时代少年团】《三人行》10：放飞行	BV1794y1p7Lx	明星综合	2023-09-21 14:06:17	3670216	TF家族	820609	43141	12198	1401	无推荐理由
山歌社首次排练 太矜持了 头都大了	BV1Bk4y1F7Br	综艺	2023-09-19 23:50:13	3494378840525437	陈圆圆超可爱	297299	41728	569	1096	很多人点赞
志仓的痛	BV1Y34y1A7H3	搞笑	2023-09-22 15:05:43	1548805549	甜蜜老张	278135	30368	1272	667	无推荐理由
“今日方知我是我，那些真正清醒的灵魂。”	BV11k4y1F7c2	日常	2023-09-20 13:59:11	3537124148120297	bili_88934177414	344797	7073	817	557	无推荐理由
再创历史！火影首位5800万战力达成！还差200万战力！	BV1Pm4y1L7Jw	手机游戏	2023-09-22 12:32:53	38568774	鬼叔黍	270638	17850	4426	225	无推荐理由
社牛小狗太有心机，天气凉快就不串门了，还找了新欢！	BV17w411v7Xm	汪星人	2023-09-22 10:58:40	414702734	哈仔十一	374594	30960	5457	379	无推荐理由
这才叫跳舞！带劲的力量腿～穿10厘米高跟凉鞋跳《bubble pop》【清清】	BV1Tr4y1f7Fc	明星舞蹈	2023-09-22 14:50:12	26328593	耿清清呀	151972	14238	2519	401	无推荐理由
在山里想吃个撒子，都只能自己动手，简简单单做点炸鸡吃！	BV1K8411i7pw	田园美食	2023-09-22 01:12:53	1529656577	孤独美食咖	239611	24413	1315	1075	无推荐理由
钻石价格，我们河南已经打下来了	BV1jz4y1L74D	社科·法律·心理	2023-09-21 16:02:38	397490386	肝帝董佳宁	491718	31569	3652	3360	无推荐理由
【瓢特】2023俄测FS饭拍 | 彼得·古门尼克 20230917《道林·格雷的画像》	BV1sN411H7PZ	竞技体育	2023-09-21 02:47:20	1460828908	random-fs-videos	261847	27566	2111	5625	很多人分享
夏油杰在天堂遇见五条悟	BV1X94y1H7GU	搞笑	2023-09-21 18:50:04	1835967	善良的诚哥	893421	74415	1565	7903	7万点赞
黑 暗 森 林 7.0	BV1JP411b7ug	单机游戏	2023-09-20 20:41:58	20669779	敲萌豹风党	296095	33732	2421	1607	无推荐理由
《 我 瞄 准 了 》	BV1h94y1W7RQ	搞笑	2023-09-14 17:31:45	317783104	超正经的小李	199709	17659	830	208	很多人点赞
前奏一响，我们的变身燃爆全场！！	BV1mu411c7Xj	特摄	2023-09-19 16:29:03	1255648853	凡嘉原创	338807	29784	9320	846	无推荐理由
当 代 大 学 生 精 神 现 状	BV1Zr4y1Z7jR	短片·手书	2023-09-22 17:58:40	321422126	进击的金厂长	110238	14632	3513	119	短片·手书·人气飙升
封狼居胥！汉武大帝聚敛四海的发财秘密！农耕民族北伐之战的荣耀之巅！	BV1hV411A7Jn	人文历史	2023-09-19 12:10:14	504934876	渤海小吏	1245408	90811	57491	4209	百万播放
《幻塔》枯荣与两面，南音拟态PV发布	BV1Pu4y1r7eT	手机游戏	2023-09-12 11:32:31	586631367	幻塔	504749	12548	2436	3817	无推荐理由
【亚某爆料时间】宫本武藏-惊梅引皮肤爆料视频来啦！	BV1np4y1w7E9	电子竞技	2023-09-22 02:47:01	57863910	王者荣耀	469552	15344	897	11579	无推荐理由
唢呐一响，___________	BV1XK4y1c71F	演奏	2023-09-16 11:19:20	1135985267	奈不归	388281	18810	1192	542	无推荐理由
老婆不在家的快乐 水洞啊	BV1Uy4y1F7oX	搞笑	2023-09-19 18:27:05	315591182	男人的快乐老丁	1781589	76378	854	935	无推荐理由
自制关卡：开炮！	BV1jH4y1S7Ke	单机游戏	2023-09-20 22:28:53	97213827	潜艇伟伟迷	677968	32091	1296	387	无推荐理由
“这短短三分钟，铭刻着我们多少的光阴”	BV1RK4y1c7xS	MAD·AMV	2023-09-17 14:26:36	433492444	轻风up	180680	39170	12771	1127	无推荐理由
第一次尝试跳钢管舞，好紧张！！！	BV1az4y1L77S	舞蹈综合	2023-09-21 23:34:46	13647660	竹笙Zoe	623422	23449	2531	4950	无推荐理由
广西老乡听说漠叔来了，连夜做饭请客，开心极了	BV1Lm4y1N7P5	出行	2023-09-15 23:42:44	67141499	大漠叔叔	955939	88049	25944	1485	8万点赞
去找你的日照金山	BV1X94y1p7mH	短片	2023-09-22 10:34:33	1805992672	创作失败	110643	15568	1743	776	无推荐理由
【钢铁雄心4新东亚】抗日！ #5 直捣黄龙！（完结）	BV1Zu4y1r7jX	单机游戏	2023-09-21 18:55:59	28195191	鉴士Sworder	118920	15669	10266	301	无推荐理由
你好可以去你家给你做饭吗？假期游玩篇2！镰仓篇！	BV1Lj41187zN	搞笑	2023-09-22 16:51:24	490042702	陈善福儿	139819	28252	7005	861	无推荐理由
这段话可以救我千千万万次：	BV1Tj411C7D6	日常	2023-09-19 23:35:30	519189384	贝贝呀ii	663256	51169	9427	2571	5万点赞
88岁的“杀手”	BV1jy4y1F7sB	单机游戏	2023-09-19 19:51:13	381337474	骨灰级游戏玩家_杨老头	1312543	58002	3651	9674	无推荐理由
体验一天合约情侣，我破防了！	BV1xy4y1F7J5	搞笑	2023-09-20 18:54:50	90361813	三十六贱笑	490793	26018	2245	3441	无推荐理由
被爱会疯狂长出血肉	BV1Kj411C7ww	喵星人	2023-09-19 10:22:11	145897702	十九是只喵吖	1490164	177092	59025	1504	百万播放
笑不活了！和女友去新疆旅游，全程只说反话...	BV1Gw411v7HG	搞笑	2023-09-22 15:37:18	7552204	啊吗粽	193491	18149	3220	481	搞笑·人气飙升
当班级里有人讲黄色……我开诚布公地教育了	BV1tj411k7Ef	日常	2023-09-18 16:24:17	16978683	圆脸然老师	1827169	78075	23475	6567	百万播放
[罪恶都市]精卫填海=警卫填海	BV1Gz4y1V7oY	单机游戏	2023-09-19 10:31:34	490802765	Dovis_1	1906693	79733	1444	1743	无推荐理由
10部2023年这些国漫已经杀疯了！简直神仙打架！国漫崛起！	BV1Um4y1V7ts	综合	2023-09-17 15:26:00	671509674	泡泡信c	454236	19825	2621	1766	无推荐理由
你的大学真的比高中快乐吗？	BV1LF411S7mr	日常	2023-09-20 23:12:57	1544955105	困境-国服戈娅	915596	45116	1066	92	无推荐理由
网吧通宵必然是大瓶冰红茶起手	BV1vV411A734	日常	2023-09-21 21:35:14	400907285	网瘾少年山治w	219825	6578	1120	505	无推荐理由
咳嗯！现在插播一首「慈眉善目肯德基爷爷」为来自星穹列车的开拓者点播的歌曲！	BV1by4y1F7nS	日常	2023-09-20 15:01:50	275338136	肯德基	1229066	145714	17715	60907	百万播放
对不起，我又又搞假背景了！！	BV1Qh4y1h7w1	三农	2023-09-20 12:28:40	50316381	疆域阿力木	806231	74630	959	171	无推荐理由
【短的发布会】纯享T台走秀！！荣耀V purse一键深V到底！	BV1U84y1S7mB	数码	2023-09-21 19:46:19	287795639	短的发布会	532591	35721	1544	1585	无推荐理由
参加李炮儿的婚礼！	BV1a94y1p79n	美食测评	2023-09-20 21:16:04	3493077696121618	张圣叹Yo	1296736	157787	6261	648	百万播放
刀削面：没有10年功夫都不敢这么削	BV1tm4y1577H	美食侦探	2023-09-21 22:08:33	476704454	小文哥吃吃吃	206213	16027	1525	409	很多人点赞
不想给就直说嘛，还假吧意思来问，呜呜呜~	BV1tH4y1S7FM	搞笑	2023-09-21 20:00:30	54091976	拾镹i	721291	56736	3705	2574	5万点赞
纯黑《生化危机4艾达篇》Zombie May Cry 第一期	BV13V411A7D5	单机游戏	2023-09-21 23:22:33	585267	-纯黑-	272691	21177	11410	788	无推荐理由
孤独把人逼疯需要多少时间？这款游戏的结局过于阴暗	BV1zP411b7HZ	单机游戏	2023-09-21 18:09:03	249115678	好运的鱼	452563	21075	860	180	无推荐理由
中国现在，非常缺油！【地球知识局】	BV1nu411g7Sk	科学科普	2023-09-20 15:34:46	100785033	地球知识局	993972	38045	4401	1684	无推荐理由
伯爵大人，您对“圣光”是不是有什么误解？	BV1ow411e7ea	短片·手书	2023-09-19 16:47:31	50844167	可靠de伏特加	377321	39389	1854	2212	无推荐理由
“直到李佳琦翻车才明白，原来罗翔老师说的都是真的，句句真理”	BV1n34y1N7RK	日常	2023-09-20 20:18:37	478351069	罗老师人生哲学观	588568	44417	2561	1487	很多人点赞
水果还能这么吃！这次网购水果真的太成功啦	BV1bu4y1z75j	美食测评	2023-09-20 14:51:25	3493111955196309	不太会做面包的美博	490608	24262	636	137	无推荐理由
【李若彤】和我一样有含胸驼背问题？这4个方法亲测有效！	BV1w34y1N7FM	明星综合	2023-09-21 15:07:21	1195221374	李若彤	170617	10995	2070	1111	无推荐理由
【ASMR】通泪腺，但无人声，超舒服好睡|助眠|哄睡|按摩|沉浸式|情景助眠	BV1rN411H7if	日常	2023-09-22 00:07:31	689904	展展展不开	75389	4090	1488	37	无推荐理由
什么盆？	BV1AV411A7XX	搞笑	2023-09-21 10:14:26	1410061278	我是李PD啊	304281	29926	680	353	无推荐理由
不是删减的问题！《白日焰火》本身就拍了两个版本	BV1tV411A7hC	影视杂谈	2023-09-20 09:22:35	386869863	培根悖论唠唠嗑	895104	38405	9408	1263	无推荐理由
小 时 候 的 死 要 面 子 活 受 罪	BV1xV411c7r4	搞笑	2023-09-22 15:52:43	297242063	黄一刀有毒	250268	20630	800	274	很多人点赞
到底是谁在生产这些东西 很会哈哈哈~	BV1QF411U7GF	日常	2023-09-19 23:30:00	316974495	潮玩小明仔	2585444	232629	1354	31181	百万播放
【刃牙道】神级本部狂虐武藏至残？本部以藏彻底颠覆刃牙世界观！	BV1Fj41187Fu	动漫杂谈	2023-09-22 18:58:36	3127763	鸡蛋高	83002	9006	7174	155	无推荐理由
导师货不对版怎么办	BV1hz4y1L7Ua	搞笑	2023-09-21 19:50:25	1046210349	迂磨二公子	547167	71218	3885	3713	7万点赞
英国硕士去澳洲做电力工人，爸妈觉得丢脸，直到一年赚了100万	BV1F34y1N7RB	日常	2023-09-20 19:41:22	4249401	20岁了还没去过星巴克	676971	17311	2146	10003	无推荐理由
罗浮新将军自律的一天	BV1w34y1N7aU	手机游戏	2023-09-21 16:19:50	1320523	饭帅	451865	56796	1688	2884	5万点赞
可以说这辈子最倒霉的一个月了	BV1v84y1S7VW	综合	2023-09-20 23:31:43	176135235	星野怜Official	831498	127710	36311	431	12万点赞
汉武帝晚年为什么要破釜沉舟，放手一搏？【丰言疯话】	BV1sN411H7A3	人文历史	2023-09-21 23:09:42	264869770	丰言疯话	189635	12550	5198	2457	无推荐理由
外地小伙被内蒙壮汉摔倒在地，捂着屁股带兄弟吃炖羊肉补补...	BV1TF411S7rf	美食侦探	2023-09-20 17:16:29	99157282	盗月社食遇记	1542518	92566	31889	1859	百万播放
主观对比8类热门显示设备，你用过几种？	BV1KF411S7X5	数码	2023-09-21 23:03:55	125526	-LKs-	250174	22274	3736	335	无推荐理由
蠢蠢的死法，甄嬛传版	BV1tN411H7Yk	影视杂谈	2023-09-20 22:22:04	3997812	S同学甄不错	593020	8749	1211	549	无推荐理由
今天的嘴角比AK还难压	BV1dj411b7dr	搞笑	2023-09-22 04:53:00	350456040	虎牙龙斯基	356529	39939	914	1399	无推荐理由
本将军威名赫赫，病魔宵小速速退去！不可再犯！	BV1eH4y1S7H7	日常	2023-09-21 12:25:17	1581262377	让世界看见妳	334553	69029	1052	135	6万点赞
"「新海诚/𝙎𝙖𝙘𝙧𝙚𝙙 𝙋𝙡𝙖𝙮 𝙎𝙚𝙘𝙧𝙚𝙩 𝙋𝙡𝙖𝙘𝙚」-""我听见我的身体里刮起一阵狂风"""	BV1zk4y1w7kH	MAD·AMV	2023-09-16 01:05:19	30502823	学姐圆	468987	107050	23952	2829	10万点赞
《情深深雨濛濛》：我的爱情是拿命换的！	BV1ay4y1F7BB	影视杂谈	2023-09-21 18:04:45	34189415	low君热剧	280302	14809	1020	610	无推荐理由
沉浸式颂钵SPA，曼玉：颅内高潮了	BV1Xj411k77p	汪星人	2023-09-21 19:23:50	390790215	是曼玉不是鳗鱼	460356	70278	2074	4466	7万点赞
十秒创作接力，最后竟然画成了？	BV1Km4y157eu	绘画	2023-09-21 17:31:01	1176972733	张煜东East	308833	41504	1501	182	无推荐理由
从没讲过的音乐出现了!蔚蓝档案的音乐什么水平？丨HOPICO	BV1gh4y1Y73t	乐评盘点	2023-09-22 14:06:10	261485584	HOPICO	92408	10040	4089	1284	乐评盘点·人气飙升
最后悔的一期！四平最补的饭店，专做下三路狠货，可惜拉了	BV1B94y1p7Lh	美食侦探	2023-09-21 13:44:25	1563385862	转生成为毛毛	292996	11667	1384	4848	无推荐理由
深度解读：李佳琦危机，给普通人什么启示	BV1Xj411k7M6	娱乐杂谈	2023-09-21 14:48:34	140312650	瞻云云	391125	26109	8967	2263	无推荐理由
【不齐舞团】乌蒙山连着山外山！”下一句_____？	BV1xw411e7CS	舞蹈综合	2023-09-19 19:16:06	267685040	不齐舞团	2366577	206363	8507	14183	百万播放
好莱坞也不过如此！成龙教好莱坞如何拍动作片！《尖峰时刻》有多经典？	BV1HH4y1S7WY	影视杂谈	2023-09-20 10:31:04	397286677	龍影Jackiemovie	730469	34310	1174	221	无推荐理由
林娜琏+Felix NO PROBLEM Live版公开	BV17h4y1a71w	音乐现场	2023-09-21 23:15:04	16720403	pcyxjy	269814	29919	3572	5265	无推荐理由
闲鱼赌显卡，但是一次性赌了15张坏卡...	BV1T94y1p7oD	数码	2023-09-20 20:29:49	67108785	卢西奥显卡速修	337263	20095	9413	557	无推荐理由
上学当显眼包的后果(这真的超级无敌宇宙真实呀呀呀)	BV1A94y1p7jw	搞笑	2023-09-21 17:35:22	68439967	萧枭同学	804059	41391	830	150	无推荐理由
乡村真人版海贼王（2）	BV1Yu4y1r77K	搞笑	2023-09-20 12:42:35	385626302	阿拉丁狗蛋儿	1035704	118617	28539	15280	百万播放
【萌黄一槽】神秘面具男[红夜之刃]全技能爆料！全新长赛季S忍来袭！	BV1H8411v7nV	手机游戏	2023-09-20 23:44:22	441897078	火影忍者手游情报君	1456979	82362	13559	47471	百万播放
4亿玩家又怎样？雷霆战机深情演绎什么叫作死！	BV1N94y1p7hW	网络游戏	2023-09-20 17:52:00	1909637598	我叫王舒彤	818137	35710	2476	673	无推荐理由
历时2000场 只为这一刻《世界纪录·冰镇河蟹》	BV1G8411v7U9	电子竞技	2023-09-21 13:42:25	320937403	纪憨猪	363804	20861	4541	574	无推荐理由
随机模仿者   竟然出现僵王！	BV1Bk4y1F7LD	单机游戏	2023-09-20 01:57:06	651321640	小粽爱单机	813563	41101	681	1681	无推荐理由
【新版】人工抢票最速传说，全网最详细的12306抢票教程（大概）	BV1p34y1N76A	出行	2023-09-20 19:52:36	285803237	穗霁映虹	340820	11447	3345	8182	无推荐理由
这种假多放一点！	BV1xh4y1e7VL	小剧场	2023-09-20 14:34:29	1614789471	派小轩	1395559	130624	4168	1600	无推荐理由
【某幻/老番茄/中国boy/花少北】上海zoo爆笑喊麦现场！！全程高能不容错过！！	BV1Vz4y1V7wM	日常	2023-09-21 23:49:00	10955921	梦晗家的木绘	179088	19104	2348	3988	很多人分享
小地方女孩，到深圳谋生处处碰壁后沦为落魄老姐，妄图当网络小丑赚钱	BV1Wy4y1F79H	出行	2023-09-20 23:42:26	35847683	峰哥亡命天涯	798117	27036	7931	5695	无推荐理由
新版本首曝来袭，神装自助餐，福利大狂欢！	BV1G8411i7M9	手机游戏	2023-09-22 11:22:45	21619102	网易逆水寒	293503	7088	1249	5481	无推荐理由
大结局：陆光真的来自未来！“陆光为了拯救程小时，究竟尝试了多少次！”【时光代理人】	BV1o84y1S7Pp	MAD·AMV	2023-09-22 16:07:55	175333301	哇周某人	120167	7134	1439	469	无推荐理由
2018年的秋天已经是六年前了	BV1hP411b7kZ	搞笑	2023-09-20 18:26:27	505225239	-贾斯丁-	1449249	216664	8565	5265	百万播放
谁才是百慕大三角的真正话事人？	BV1Ku4y167Wo	人文历史	2023-09-22 14:01:08	11684621	太阳星sunstar	111939	15531	1991	111	无推荐理由
【星铁剧场】前进！目标是肯德基站台！	BV1bk4y1F7s4	短片·手书	2023-09-21 18:30:22	11742550	哈米伦的弄笛者	155652	29889	3839	2939	无推荐理由
玲 可 挑 战 鲱 鱼 罐 头	BV1xN411H7dU	仿妆cos	2023-09-21 17:19:57	171368594	六二二同学w	459573	49851	3719	2094	无推荐理由
一次性绝育50只猫？！三花村史上最多绝育纪录！	BV1Jz4y1V7ok	喵星人	2023-09-22 18:07:24	9008159	花花与三猫CatLive	104317	14710	6669	260	喵星人·人气飙升
憋笑憋去见太奶了！	BV1fH4y1U7eA	搞笑	2023-09-17 18:06:52	490002276	乐天乔宇派	4469815	465614	6655	19244	百万播放
谍战剧？搞笑片！今年最降智大作，郭敬明的《云之羽》	BV1Th4y1a7G1	娱乐杂谈	2023-09-21 11:39:03	20457232	一只吐槽圆	747149	32955	2421	5956	无推荐理由
锅包没有肉，我为什么会做出这种东西啊！	BV148411v7c7	美食制作	2023-09-20 19:45:17	1916474	神奇海挪	957811	73035	4894	3285	7万点赞
是谁抢到了票	BV1oj411k7YL	搞笑	2023-09-21 18:39:41	70429299	嘞是唐孃孃	877175	67863	958	1195	无推荐理由
福建小伙第一次吃云南烧烤，吓到不敢吃？	BV1hu4y1z7Ku	美食侦探	2023-09-22 17:02:57	4474705	孤独的美食基	115804	16364	2070	253	无推荐理由
【4KHDR】老戴《生化危机 4 重制版 艾达篇》【硬核难度】DLC《逆命殊途》第二章	BV1Fu41137YF	单机游戏	2023-09-22 06:52:39	2142762	老戴在此	171178	9390	2663	133	无推荐理由
每次想放弃， 就会想起外婆这几年对于我学业的关心。不太上B站，不是学霸，之前忘记打标点激发大家吐槽欲，原本是想分享一下外婆的精神力量，大家随便看看好啦…	BV1oV411w76q	日常	2023-09-19 10:10:47	42218858	大抒	593815	24889	593	314	无推荐理由
大学的“美式男” 喝美式，美事自然来.      #杨晓艺#李宗恒	BV1SF411U7oD	日常	2023-09-18 23:28:54	378404732	杨晓艺呢	4130109	289267	4030	9631	无推荐理由
九龄｜将军！你这个坏蛋！	BV1zk4y1F7kB	日常	2023-09-20 10:31:25	51588985	是一只九龄	1280756	111785	26817	6059	百万播放
电视裆间	BV1sj411k7xh	家居房产	2023-09-15 19:01:37	393256183	嘉伟室内设计	2728482	268947	10699	6364	百万播放
AI要是这么搞，以后的视频怎么相信？	BV1DF411U7F8	软件应用	2023-09-20 19:42:49	486989780	老麦的工具库	397603	20322	4073	2075	无推荐理由
《代号：无限大》制作情报公开	BV1aw411e7e9	手机游戏	2023-09-20 23:10:52	3494379073309365	代号无限大	1372201	64392	31099	17445	百万播放
iPhone 15首摔首碎：跌砸滚！Pro Max超瓷晶玻璃+钛金属，还是最坚固的手机吗？	BV1Ek4y1c7ev	数码	2023-09-22 08:14:06	471278344	WHYLAB	223813	7909	3660	1546	无推荐理由
2023只剩2个月了。	BV1m84y1S7gM	搞笑	2023-09-20 19:35:08	543931452	古呀老师	1453733	215467	4770	3893	百万播放
我可能是买了Mate60Pro之后最大的受害者！！	BV1Q84y1S7Jx	数码	2023-09-20 13:56:30	8784855	--圈圈--	805155	38499	7511	369	无推荐理由
为了苦难中的祖国阿！我扑动蝴蝶的翅膀！刘慈欣作品——《混沌蝴蝶》	BV11y4y1F7Ko	影视杂谈	2023-09-22 14:40:19	25073738	科幻视界	49023	8948	6607	223	无推荐理由
钟离速通枫丹主线	BV1rN411n7Vp	短片·手书	2023-09-16 14:36:56	2196632	兰矛RS	743904	106353	9860	7342	10万点赞
被五百万人吐槽的楼梯改色，半年后怎么样了？	BV1fu4y167ky	家居房产	2023-09-16 20:19:21	3461577244149863	谢反反	3614034	84005	950	241	无推荐理由
6个up去新疆旅游，八卦城路上聊八卦……	BV1fw41127R9	出行	2023-09-22 15:56:49	8366990	-欣小萌-	169373	15984	2838	138	无推荐理由
当我妈说我败家不想给我做饭后	BV1HP411b7nV	美食制作	2023-09-21 20:27:17	505601772	大家的养分	166732	16024	1002	574	无推荐理由
游戏史上最好的丧尸游戏之一『消逝的光芒』	BV1Rh4y1Y7fW	单机游戏	2023-09-17 23:22:16	922151	修片狂魔	1598176	95647	7313	2632	无推荐理由
所有第一次来中国的外国人，都给我好好看这个视频！	BV1984y1S7Ya	日常	2023-09-21 14:09:41	32820037	歪果仁研究协会	339784	28062	9961	669	无推荐理由
妈见打！我居然在卧室墙上画了符玄	BV1jN411W7Bz	绘画	2023-09-14 22:32:51	10417922	LVE零度	286536	47570	7222	432	无推荐理由
猫好，猫出去上班	BV14y4y1F7iC	短片·手书	2023-09-21 17:10:13	1229502386	发射小人	323765	56135	2944	9632	5万点赞
摄影的原点｜Nikon Zf评测  Links	BV1Rp4y1c79x	数码	2023-09-21 19:32:18	3816626	Linksphotograph	285195	26142	23468	10000	无推荐理由
“从今以后，我得自己一个人飞了!”	BV1VV411A7eK	特摄	2023-09-19 17:17:06	447662586	晴天Ultraman	1014976	63567	5362	491	无推荐理由
【4KHDR】老戴《生化危机 4 重制版 艾达篇》【硬核难度】DLC《逆命殊途》第一章	BV1594y1p7UN	单机游戏	2023-09-21 16:45:11	2142762	老戴在此	331335	18233	7038	681	无推荐理由
火柴人 VS 我的世界系列 第三十二集 厨师（The Chef）	BV1Kp4y1P7sn	短片·手书	2023-09-16 21:27:52	519253600	火柴人AlanBecker	2755396	231095	93136	10224	无推荐理由
【乐队的夏天3】瓦依那X任素汐《大梦》直击心灵的歌声 谁能忍住不落泪？	BV1Lj411C7Z7	音乐现场	2023-09-22 21:13:50	607217518	网易云音乐	38676	1955	1003	1936	无推荐理由
一个视频看懂伯里克利的一生	BV1W84y1D74w	人文历史	2023-09-22 18:11:14	10698584	唠点历史	64854	9736	6757	152	无推荐理由
华晨宇：那些“说”我的，我都知道	BV1BN411H7xV	音乐综合	2023-09-19 23:52:32	645711700	不普通人类实录	1212592	57763	41684	17112	无推荐理由
给老师表演个下腰（心机狗）	BV1nN411H7nS	搞笑	2023-09-20 17:00:41	33108854	jin哈哈	856103	48912	557	724	无推荐理由
【王德峰】在生活的重重困境面前，为什么我们需要的是人文经典？	BV1oV411A7jb	人文历史	2023-09-22 15:31:48	514924891	王德峰	76275	8676	1286	379	无推荐理由
“80w粉丝的萌新来到提瓦特大陆的第一天！”	BV1984y1S7YE	手机游戏	2023-09-21 14:47:03	19047009	清严君	335890	30671	7331	460	无推荐理由
不是，谁教你这么玩“库乐队”的啊？	BV13h4y1e76A	演奏	2023-09-16 10:04:27	1455246930	混世小小魔王_	1152897	91614	10355	8384	无推荐理由
江西萍乡的美食竟然是中国最辣的？找个本地人带我挑战一下！	BV15u4y1r7i6	美食侦探	2023-09-18 13:11:04	218506533	Amy艾米饭	1049746	83676	10362	5221	无推荐理由
苹果A17 Pro评测：很先进，但能效不够好！	BV1gm4y157No	数码	2023-09-19 21:42:43	25876945	极客湾Geekerwan	1840937	124271	93017	21138	无推荐理由
金铲铲开服玩什么？三套阵容稳上分！【云顶之弈S9.5】【金铲铲之战】	BV1f8411v7oT	电子竞技	2023-09-21 18:48:08	18343134	林小北Lindo	280487	13041	988	1093	无推荐理由
《怯 街 坊》	BV1CV411A7BF	配音	2023-09-22 05:39:18	13199099	植物椿	153478	19176	9225	1935	无推荐理由
【AI暗影岛合唱】《大雨还在下》	BV1x8411v7oV	VOCALOID·UTAU	2023-09-20 19:40:46	40443351	鬼鬼好小子	366235	27331	6425	2744	无推荐理由
开车需要动手吗？	BV1dm4y157Bu	汽车生活	2023-09-22 00:56:48	34728585	极速拍档-NANA	242070	8632	897	1132	无推荐理由
抄袭微信，马斯克是认真的	BV1SH4y1S7g3	财经商业	2023-09-19 19:45:24	596866446	无处安放的小A	1026244	67273	1254	333	无推荐理由
世界冠军Nick Maxwell，倒飞自旋贴地扫桨，很哇塞！原谅我没见过世面	BV1rK4y1w75R	竞技体育	2023-09-20 06:18:26	164148009	黑基的飞行梦	334337	35846	1254	1872	无推荐理由
一元瓶装水为何越来越少？你平时喝几块的水？	BV1q84y1S7jC	财经商业	2023-09-21 09:50:24	14781644	老烟斗官方	422496	14561	590	398	无推荐理由
芬兰监狱简直就是宅男的天堂，电脑游戏机健身房一应俱全，纪录片	BV1gu411w7Em	影视杂谈	2023-09-21 11:17:34	87670515	神秘园SMY	373252	10345	720	2142	无推荐理由
【丰崎爱生】终于来中国用上了传说中的支付宝!第一件事当然是...	BV1v8411v71n	出行	2023-09-21 19:25:03	48207005	丰崎爱生Official	191912	15170	2640	249	无推荐理由
伍佰郑州演唱会，伍佰不在观众都开始唱了，网友：伍佰演唱会不需要伍佰了	BV1Fh4y1a7p5	音乐现场	2023-09-18 23:11:09	487614876	四川观察	3344613	128558	2906	17840	无推荐理由
每日早餐，张嘴即可！	BV1R94y1H7yY	手工	2023-09-15 22:38:46	3546378525477862	Joseph的机器	2248509	122952	7395	11415	无推荐理由
遥遥领先，在华为百亿小镇上班的极致体验。(双非生的蜕变之路)	BV1x8411v7QB	出行	2023-09-21 17:14:44	3493117728656046	摩的司机徐师傅	286654	12655	3628	2828	无推荐理由
小小财神大大的财运拓财神，迎财神，接财运，今年财神到你家	BV15u411w7Pn	人文历史	2023-09-20 17:41:52	3537110202059026	古丰邑文化	323869	54175	3318	279	5万点赞
丽桑卓：“送死流塞恩？那我电刀清线你将如何应对？”悬赏挑战之主人的任务!#1	BV1e94y1p77y	网络游戏	2023-09-22 05:59:23	37946996	守护茶茶	212721	11515	1618	69	无推荐理由
派！蒙！山！连！着！山！外！山！	BV1ou4y1r72V	VOCALOID·UTAU	2023-09-19 17:35:17	105120466	JK几何	354675	23884	4246	1762	无推荐理由
【树哥】蛇蝎女人强迫矮人族贩卖自己的妻儿，反被拉拽至肉断骨折！猪的复仇第6集	BV12u411g7Pr	动漫杂谈	2023-09-22 13:42:42	366761116	Tree树哥	65113	5600	2053	48	无推荐理由
带表哥放纵吃一天再悄悄卷他	BV19z4y1G7UY	健身	2023-09-19 14:22:10	405055946	花小龙oy	1616347	157460	2082	825	无推荐理由
甄嬛小产互联网版	BV158411i7Do	搞笑	2023-09-22 18:32:00	383232993	蜡笔小叽是养生女孩	107551	16967	1317	895	无推荐理由
5000元预算，谁是最强二手车？	BV15u411w7dJ	汽车生活	2023-09-20 14:51:58	25150941	极速拍档	934330	84913	50226	3036	无推荐理由
（全文已完结）因为我要报仇，要亲手杀掉凶手，所以在警察上门前我选择了逃跑	BV1494y1p7SV	国产原创相关	2023-09-21 19:29:42	294380660	炒河粉炒鸡好吃	181553	16591	725	1269	无推荐理由
半夜加班的生死瞬间	BV1hV411A7AR	小剧场	2023-09-21 19:51:35	381324758	阿脸日记	576981	95368	698	1049	9万点赞
鞋子盲盒，主打一个一开一不吱声	BV1Rp4y1c7FY	搞笑	2023-09-20 19:30:49	385231174	开箱阿良	388949	18654	1181	5552	无推荐理由
Unity光速回旋！暴雪网易复合有望？【游圈乐子周报022】	BV1Sh4y1a7UG	单机游戏	2023-09-22 12:06:41	1976532950	直言trigger	101547	10519	2854	393	无推荐理由
⚡全世界都在骂李佳琦⚡	BV1y94y1p7k2	鬼畜调教	2023-09-22 09:16:22	7873222	修2	173563	10871	1875	782	无推荐理由
如何判断一个动画优秀与否？看它的主角就行了！	BV1mN411H7Ti	动漫杂谈	2023-09-21 13:24:45	1405515989	The梁某人	291975	25506	4164	205	无推荐理由
北京旅游吃什么？统一答复	BV19p4y1c7FZ	美食侦探	2023-09-20 13:19:11	94114029	吃货请闭眼	312037	17981	987	1386	无推荐理由
虚假助农，上了热搜，难道农产品需要卖惨才好卖出去吗？	BV1o34y1P79G	三农	2023-09-20 17:58:57	50316381	疆域阿力木	1275736	122997	4570	292	无推荐理由
努力学习的嘎飞	BV1kC4y1f7ms	日常	2023-09-18 10:01:32	1984697224	黄辉子	3411474	235544	7300	2537	无推荐理由
邓紫棋听了都会怀疑自己是不是真的唱过	BV1cy4y1F773	翻唱	2023-09-17 13:51:21	382346329	桌子ZHUO8	1981386	96227	34630	20093	无推荐理由
只说真话的原神4.1版本全角色抽取推荐排行榜【原神】【说书人胧】	BV1b8411y7Vv	手机游戏	2023-09-22 16:16:35	2234185	说书人胧	51615	3921	2253	499	无推荐理由
玩365天才能见到结局的游戏？老爹甜甜圈店究竟有多离谱！？	BV1dK4y1c7Cy	单机游戏	2023-09-17 20:40:08	154113956	日向源	939373	107703	58271	719	无推荐理由
大庆赶海，退潮后发现小章鱼藏在小罐子中，还有开花的大海葵	BV1jK4y1F7Rg	田园美食	2023-09-22 10:41:39	524704055	大庆赶海	161917	15842	624	118	无推荐理由
看了这么多年TVB！你竟然不知道香港地名是怎么来的	BV1734y1N7Pw	搞笑	2023-09-21 21:34:36	95515699	粤知一二	247481	25836	7337	697	无推荐理由
主播真会玩女神篇：我，战鹰，八冠王#172	BV1ok4y1F76X	搞笑	2023-09-21 14:01:43	1565155	是大腿	567563	27266	3444	508	无推荐理由
麻烦给我配个曲	BV1qm4y1N7bs	日常	2023-09-18 18:45:18	21068110	月野喵呜	667543	46031	1018	528	无推荐理由
16岁读博士神童张炘炀现状：8年读完博士，无业一身轻，卡里就剩几千块钱，若重来仍会做李白	BV1r8411v76R	社会	2023-09-20 14:35:17	1955655610	九派新闻	1040785	32451	6108	10785	无推荐理由
爱护动物，人人有责	BV19j411k7V5	动物综合	2023-09-20 04:27:17	1786443291	黄河故道野钓小李哥	807455	186035	2535	14407	18万点赞
葡萄酒入门必看！扫盲科普+术语，一个视频就够了！	BV1Fu4y167zw	美食测评	2023-09-22 14:12:56	431532582	索菲亚一斤半	39164	3008	1492	254	无推荐理由
推理元素最多的一集（猜三国杀武将）	BV1gK4y1F7JM	手机游戏	2023-09-19 19:20:51	3494378507077881	白读春秋	332283	25656	674	104	无推荐理由
早上买肉中午穿串！晚上营业卖烧烤！开门就坐满！	BV1Dw411e7cU	美食侦探	2023-09-21 16:41:47	3032988	密子君	409717	21389	3151	1890	无推荐理由
家产争夺战！	BV16N411H7Nm	小剧场	2023-09-21 12:44:34	568699244	张若宇	703941	62644	975	191	无推荐理由
菜市场定制旗袍到底是惊喜还是惊吓	BV1hk4y1w7Jf	美妆护肤	2023-09-18 12:02:52	3494354542922271	猪珍珍	2236289	130476	2455	1234	无推荐理由
《关于同事升职这件事》	BV19j411k7pe	搞笑	2023-09-20 18:15:40	1699496602	李什么闯啊	689871	38595	599	280	无推荐理由
自制立体书 | 原神蒙德篇 跨越尘世的冒险之旅	BV15F411S71B	手工	2023-09-19 20:13:53	85401660	五月十早点睡	179274	30084	7852	1342	无推荐理由
不能让阴柔之风成了主流审美，回归硬汉本色刻不容缓	BV1YH4y1m7zf	健身	2023-09-22 09:36:44	1667026531	PT健身华哥	295909	33873	4411	230	无推荐理由
出来了，出来了。都出来了	BV1w8411v7sG	运动综合	2023-09-17 08:53:09	183360733	一个人玩花式	1777573	139368	5456	14508	百万播放
⚡结 算 动 画 摇⚡ 一人四役	BV1E34y1N7eH	明星舞蹈	2023-09-20 23:04:52	259333	矮乐多Aliga	593398	67067	10765	1777	6万点赞
【怒九】我都云吸猫了 你就让让我吧！！	BV1dF411U7Vw	手机游戏	2023-09-21 16:44:03	14751040	怒九笑	134138	24225	7120	1299	无推荐理由
《买葱》孙越&张小斐／网友强烈要求在全国各个单位循环播放	BV1PF411S7j1	搞笑	2023-09-20 15:00:58	431413100	人文札记	322605	25396	3205	2885	无推荐理由
海獭为什么喜欢揉脸	BV1cm4y157Fn	动物综合	2023-09-20 21:25:26	1392902829	小饱的动物园	509897	29346	639	5896	无推荐理由
纯黑《生化危机4艾达篇》Attack on Titan 第二期	BV1bz4y1V7tT	单机游戏	2023-09-22 06:20:45	585267	-纯黑-	66456	6339	2206	81	无推荐理由
这么多年还是执行官11席，你到底有没有认真工作？	BV1w84y1D7ft	配音	2023-09-22 03:15:02	8548614	蓝毛水母头宿末Sumou	121771	10563	4186	1960	配音·人气飙升
伊犁.拌面抓饭 厨子探店¥52	BV1e94y1p7Zm	美食侦探	2023-09-19 11:32:34	544336675	真探唐仁杰	1311074	78015	2388	1504	无推荐理由
不敢关机的男人！每个电话，都能救一条命	BV1Jm4y157Cs	三农	2023-09-19 18:04:45	1343321779	央视农业	1150706	153065	44291	2329	无推荐理由
爷爷说他以前在山里，是捡板栗的高手，后来奶奶来了，就再也没捡到过板栗了	BV1X84y1S7HN	三农	2023-09-20 18:34:26	395380822	马二娃	493437	45790	2713	489	无推荐理由
i3用有刷电机？油改电和纯电平台差距多大？极氪001/宝马i3长测拆解	BV1gp4y1w7xm	新能源车	2023-09-21 21:59:33	702014294	易车横评	142711	9892	7403	994	无推荐理由
给大家介绍一下，这是我吃开心的一餐	BV1ku4y1r7y4	美食记录	2023-09-21 16:33:35	26417558	铁蛋儿Tyler	257650	30702	981	603	无推荐理由
都不结婚该咋办-新版本的应对策略	BV1bP411b7Bb	日常	2023-09-20 09:11:31	16302815	被炒的炒饭	109454	6730	1896	550	无推荐理由
《小貔貅下山记》第一集	BV1Ru4y1r7FZ	小剧场	2023-09-19 17:02:44	543740771	煎饼果仔呀	1445905	166543	6567	1605	无推荐理由
【方舟梗知识37】全B站评论最多的一集！真十万大C的浮起人生；明日方舟干员假日威龙陈梗及其相关趣事介绍	BV1zm4y157C1	手机游戏	2023-09-22 12:15:35	519202392	灰幻	143873	11257	1108	464	无推荐理由
一个视频中饱含了那么多的爱与痛	BV1em4y157vq	日常	2023-09-20 14:04:03	677680777	你的俄罗斯好朋友	581647	70048	1568	177	无推荐理由
一年仅一天能见到！血氧65只为在四川记录下这一瞬间！	BV1yu4y1z7fN	出行	2023-09-22 20:32:45	10534933	期末77	25460	3797	3400	873	无推荐理由
新华农兄弟：兄弟家的公羊太多了，亟需平衡一下	BV1NF411m73g	三农	2023-09-22 11:35:39	473837611	新华社	190310	23616	2893	216	无推荐理由
月下厨哪有不疯的？强撑罢了！！	BV1xK4y1w7a3	手机游戏	2023-09-21 22:12:12	742472	巫兔菌	103361	18428	2505	2140	无推荐理由
6千8买的工地车拆光洗干净后值2万不过分吧？	BV1iu4y1z7hC	汽车生活	2023-09-20 20:39:54	306355384	张哥的汽车Vlog	464990	31984	4053	1515	无推荐理由
亲自去发传单的导演和制片人，《贝肯熊：火星任务》是心血也是坚持	BV1yh4y1A73H	预告·资讯	2023-09-18 20:31:31	3537104642508829	电影贝肯熊火星任务	2235516	290444	24068	1471	百万播放
真没骗你们，广州最好吃的5家炸猪排都在这里了	BV19h4y1A7Ay	美食侦探	2023-09-21 12:58:44	477273422	大兵探店	264236	7255	2182	3790	无推荐理由
【第二十九赛季·精华2】稀世时装及奇珍时装的游戏内效果展示视频爆料！风沙掩藏的秘密，待你探寻~#第五人格大漠怀秋##第五人格#	BV1x8411y7Fa	日常	2023-09-22 18:33:47	211005705	网易第五人格手游	125758	13444	2017	3542	无推荐理由
cos第一步！先学会p图（不是）	BV1fp4y1c7Xx	仿妆cos	2023-09-21 14:17:57	32294969	慌野不方	377919	50222	1215	1023	5万点赞
腿袜合集！！	BV1Dh4y1h76w	穿搭	2023-09-21 19:39:30	395375056	中国梨自救	548428	45525	5112	6005	很多人点赞
三蛙之家创意演绎：钢管舞版的《过河》	BV1qm4y157Wk	舞蹈综合	2023-09-22 14:18:06	621704765	-宋瑶	125664	8422	1642	1990	无推荐理由
一位农夫往自己的下体喷了一升百草枯，他的器官是这么衰竭的	BV1Sp4y1A72v	科学科普	2023-09-16 10:52:07	297786973	Chubbyemu	4865501	216258	33456	64598	无推荐理由
《赛 博 相 亲 角》	BV1sH4y1S7QL	搞笑	2023-09-21 23:01:27	1527828440	外星观察人类队长	256434	13975	3387	323	无推荐理由
你该不会觉得我很弱吧？	BV1bm4y1N7b9	仿妆cos	2023-09-17 20:36:02	14140210	周老头呀	2033925	273593	7492	6255	百万播放
25公斤银砖，健身学院的厨师和保安都轻松拿捏	BV1zH4y1S7PE	健身	2023-09-20 18:58:16	3493260093819171	李维刚的日常	696736	49372	765	103	无推荐理由
全校唯一与世无争的学长	BV1vN411H76v	搞笑	2023-09-21 16:32:29	37291782	某布君	373461	21461	1608	241	无推荐理由
【原神】真正的极限国度？（八种极限运动）	BV1fp4y1c7jv	手机游戏	2023-09-21 09:39:15	351170066	ulu秋名山	322961	34702	896	846	无推荐理由
宋小宝网恋被骗？这个反诈宣传片比春晚小品还好看	BV1HV411A7TT	搞笑	2023-09-21 02:16:29	43707221	4A广告提案网	526256	24278	773	2887	无推荐理由
是谁杀死了孟宴臣？从心理学角度分析！【凝视娱乐圈11】	BV1qK4y1F7UQ	娱乐杂谈	2023-09-22 14:11:14	680677803	王小七Fire	76740	9683	2461	217	无推荐理由
《碟中谍8-我烧你显卡》	BV1684y1S7nP	网络游戏	2023-09-19 15:09:34	324072946	国家二级飞行员	968472	52509	523	932	无推荐理由
【白小白】《求神呐》副歌编舞加长版来啦！国风蹦迪缺你不可	BV17N411H7V2	国风舞蹈	2023-09-18 15:22:57	89305083	Ticki白小白	1568515	144146	6322	3045	百万播放
【一周巨星】足坛惊现真ikun！姆巴佩，菲利克斯，阿尔瓦雷斯齐发威，理查利森惊天破局，内马尔降维打击，谁的表现最为炸裂？	BV1Fk4y1c7dg	足球	2023-09-22 20:19:09	365372809	巅峰球迷汇	54800	7104	2791	66	无推荐理由
双人激情对唱！华仔新歌！杭州亚运助威曲《登场》	BV1Z8411v7e5	翻唱	2023-09-21 18:09:46	37754047	咻咻满	270453	17687	6741	1049	无推荐理由
火灾防控：从我做起，守护家园安全	BV1cu411w7yX	短片	2023-09-21 21:53:38	171482429	抬手哥	176568	27217	2045	22	无推荐理由
卡莎新版本穿甲AP思路，一枪千血瞬秒后排！	BV1Ep4y1P757	电子竞技	2023-09-19 16:37:15	15717030	谁让我是白泽呢	1561486	59586	1526	8045	无推荐理由
是瓷！是中国德化白瓷！	BV1bz4y1L7Tt	出行	2023-09-19 18:45:37	424079679	不吃姜的Sissi	254001	43497	2144	2703	无推荐理由
全明星	BV16w411e7Cg	小剧场	2023-09-19 18:19:59	373388923	脱缰凯Kk	1565522	155401	6561	834	无推荐理由
当你带萌新圆梦通关「超难难度MC」!!？	BV1Zh4y1h7eH	单机游戏	2023-09-21 01:57:27	680447	马里奥红叔	187825	22432	2666	60	无推荐理由
【黑铁之王】格温vs塞拉斯谁的厨艺更胜一筹？#黑铁之王争霸赛	BV1FV411A7XV	电子竞技	2023-09-17 18:50:27	428040854	上单老祖	2293569	132213	6684	8937	无推荐理由
【原神】蹦蹦炸弹79一个真的不贵 动作配布	BV1Rp4y1c78D	MMD·3D	2023-09-20 22:24:33	151216159	黄心鬼畜果	293629	25054	1706	2074	MMD·3D·人气飙升
还记得这两位为救人而错过高考的少年英雄吗？	BV1yw411e77U	影视剪辑	2023-09-21 13:27:40	167598645	圣神幻羽	198807	29550	750	68	无推荐理由
皇 级 对 决 - 猿神枪VS火龙大炬	BV1Nk4y1c7Ne	MAD·AMV	2023-09-20 17:22:33	229687190	ZORO_rn	236985	28796	2859	728	无推荐理由
【王维MBTI】F和T的区别｜全员向动画	BV1eN411J7nj	短片·手书	2023-09-22 05:27:59	3493079208168355	王维诗里的MBTI	98308	12232	1607	1672	无推荐理由
“如果一滴水不想干涸，那就让它融入生命里。”	BV1t34y1P7Tk	短片·手书	2023-09-16 14:08:15	519173759	独自ぅ过活ぅ	2753188	72000	13420	2462	无推荐理由
「小白」iPhone15 Pro/Max全面测评：你想知道的都在这！	BV1Sj411k7eV	数码	2023-09-19 19:04:55	8969156	小白测评	1027903	51054	37716	6469	无推荐理由
“养生专家”称“植物油不能吃”？	BV12u4y1r7cL	科学科普	2023-09-21 18:23:07	439478093	中国食品报融媒体	281695	28785	1336	804	无推荐理由
我竟然带学生逃学了！	BV1a8411q7HX	校园学习	2023-09-18 18:16:15	358232446	九零老师	1903550	136481	3271	671	13万点赞
全球首播！董宇辉首次全英文采访完整版	BV1ip4y1A7zu	热点	2023-09-18 13:28:02	569956690	CGTN	1382544	50085	14874	13286	无推荐理由
外国买保时捷减配吗？比法拉利还贵的丐版911长什么样	BV1Dw411e74e	汽车生活	2023-09-19 21:15:28	394609671	终极小腾	843271	32544	2471	852	无推荐理由
原来夏洛特是八年前的番了，还以为是新番呢	BV13k4y1F7np	搞笑	2023-09-17 18:00:08	32589074	二次元陆君_	1964517	248959	9496	4904	百万播放
不要把脑袋塞进后室的墙缝里！（Escape the Backrooms）	BV1Uj411k7bQ	单机游戏	2023-09-21 21:29:54	1837617	薄海纸鱼	97366	11805	1650	67	无推荐理由
"""胡说！哪有什么妖怪？她是我好心收留的可怜人。""【聊斋·画皮】"	BV1vy4y1F7d7	仿妆cos	2023-09-21 17:32:21	6272357	o小庄o	167587	30385	2582	481	无推荐理由
【星穹铁道】超强减伤！T0生存辅助？0魂符玄测评+教学攻略丨符玄使用体验报告	BV1Nr4y1f7UT	手机游戏	2023-09-22 01:36:57	653768	赫箩的苹果	155162	10280	1745	233	无推荐理由
大一新生军训如何自我介绍	BV18y4y1F7e5	搞笑	2023-09-19 12:27:08	431946600	啊这叫木鱼	1526982	218320	10395	31882	百万播放
遵义陈三姐卤菜，为了等儿子卖了11年卤菜，只为等儿子回家，梁永杰你妈妈喊你回家吃卤菜	BV1S8411v7m7	美食侦探	2023-09-20 11:13:41	660013124	曾哥振弟	373945	45415	2483	126	无推荐理由
今儿去打卡全洛杉矶最火辣的美式炸鸡！这是我这辈子吃过最辣的鸡！	BV1CV411A7V7	美食侦探	2023-09-20 22:35:35	1644053613	是个泡泡_Pao	422525	42762	936	994	无推荐理由
奶奶的爱情：你忘了我，但我还要记得你	BV1WH4y1S7pp	人文历史	2023-09-21 19:33:47	192090	小透明明TM	130381	19521	6991	1069	无推荐理由
家人们这么多天没更新就是去做了这个事情.想你们了！稍微休息两天马上更新视频！	BV1dz4y157Pz	搞笑	2023-09-18 13:40:41	302338318	李炮炮儿	3010952	562557	257958	4059	无推荐理由
七八十年代火遍全球的迪斯科舞曲，40年多后再听依旧激情满满！	BV1Vz4y1V79S	乐评盘点	2023-09-20 19:32:22	331480256	音乐影视馆	271147	10011	2433	1173	无推荐理由
《军 训》	BV1yk4y1w7RU	搞笑	2023-09-18 19:52:36	13048007	大大熊_	1782980	213005	7343	22468	百万播放
亲爱的开拓者，肯德基×﻿崩坏星穹铁道﻿联动现已开启！	BV1vK4y1w78V	日常	2023-09-21 20:37:22	275338136	肯德基	663847	40077	1630	5060	无推荐理由
当代年轻人！竟然爱买这样的东西！！	BV18h4y1Y7h9	搞笑	2023-09-15 14:20:27	42870908	网不红萌叔Joey	1540968	82186	754	632	无推荐理由
博 德 大 侠 ！	BV1np4y1P7EW	单机游戏	2023-09-21 04:18:01	16574154	银鸦Silent	186845	9526	5230	3595	无推荐理由
咒术回战236话情报：告别	BV1VH4y1S7wv	动漫杂谈	2023-09-20 17:10:37	1057241855	五个光	1757372	63077	8682	13205	无推荐理由
宝马5系，月薪多少能入手？	BV1fj411b7E6	购车攻略	2023-09-22 16:35:44	60259602	百车全说	93115	7039	2534	388	无推荐理由
山谷里的中国红！	BV1Q34y1P7pN	出行	2023-09-18 08:07:02	2041168605	他叫阿园	2779671	229676	3180	6070	百万播放
成年人的崩溃 往往只在一瞬间（流星雨） 09.20	BV1jF411S7vY	亲子	2023-09-20 16:56:46	1446722183	国际宫and乡土莉	542783	46388	1179	3379	无推荐理由
找西维借钱=精神分裂	BV1sm4y157fE	小剧场	2023-09-21 11:43:12	102805877	西维西师傅	1039550	133569	1184	3323	百万播放
《蔚蓝档案》主线故事VOL.3【伊甸园条约篇】第1章介绍PV	BV1rV411A7XW	手机游戏	2023-09-21 17:25:02	3493265644980448	蔚蓝档案	169869	11371	1398	1809	无推荐理由
【爽文】樱花国旅游回来后被小日子鬼缠身，我扭头跑进烈士陵园，刹那间一个个伟岸的身影出现……	BV1984y1S7U3	国产原创相关	2023-09-19 21:57:22	9315353	饿饿鱼饼	287805	22296	3093	662	无推荐理由
华语TOP100！挑战猜歌名！每一首都是青春！	BV1ny4y1F7dK	音乐综合	2023-09-20 14:38:40	208130286	大物是也	581922	24817	8090	1648	无推荐理由
周淑怡道歉，但是李佳琦导演/摄影/制片/发行	BV1TP411b7F3	鬼畜剧场	2023-09-16 19:12:35	359773629	就叫我邱刀鱼吧	2573212	182801	63973	41204	无推荐理由
贴秋膘！做碗东北老式麻辣烫！黏糊上头！配烤大棒骨，蘸酱菜	BV1hN411H7c1	美食记录	2023-09-21 20:55:22	392336778	了in林	216046	12695	1832	958	无推荐理由
“如果天才的代价是孤独，那我宁愿当一个快乐的傻瓜”	BV1ou411c7rp	影视剪辑	2023-09-20 21:37:14	346749212	wrizedm	321987	30823	2192	608	无推荐理由
杭州我来了！马来西亚人挑战：5天4夜只用支付宝能活吗？	BV1bF411S7y4	数码	2023-09-21 02:39:40	2115578666	开箱喵可恩	317144	8035	1623	296	无推荐理由
一觉醒来发现外国女友自己去买早餐了	BV1j94y1s71y	日常	2023-09-17 16:59:32	3493288845773149	啊狼lang	618198	48290	1270	769	无推荐理由
啊？？遥遥领先？？我服了……华为mate 60 pro，无敌于世间	BV13P411h7u1	数码	2023-09-18 19:29:09	613517002	星期七阿	2651140	40505	5613	14628	无推荐理由
这玩意就是加菲猫最爱的食物？	BV1Ak4y1c7q1	美食制作	2023-09-19 17:41:51	36591074	居居趣做饭	493672	76140	822	746	无推荐理由
刷到了可以看看吗 不用点赞 从蒙德丝滑到枫丹	BV1Aw411v7Lb	手机游戏	2023-09-20 11:22:04	450410688	极北亚峰	469633	71935	17445	1462	无推荐理由
《环行旅舍》1.3版本PV「幕前序曲」	BV1nK4y1F7kA	手机游戏	2023-09-22 12:08:36	1221879760	环行旅舍	337067	6645	2382	5166	无推荐理由
彻底疯狂！！史上最恶心战士，新版典韦登场！！	BV1Uy4y1F7Fa	电子竞技	2023-09-20 09:50:38	264862821	最后一只渡渡鸟	642471	29785	2652	329	无推荐理由
我抓到了27岁的硕导！！	BV12C4y1f71n	日常	2023-09-16 11:05:49	205961190	油克东东	1431101	139623	2398	5063	百万播放
击败了泰拉瑞亚里面的第一个boss！！！萌新试玩泰拉瑞亚第五集	BV1JP411b7zq	单机游戏	2023-09-22 00:53:03	84130356	夏天y	92664	23201	10508	91	无推荐理由
搞懂“月经”本质，减少“月经”痛苦（基于人体的生物机制	BV1Lp4y1w7t7	日常	2023-09-22 13:34:12	251395733	你的同桌狗兄	47974	9125	1722	568	无推荐理由
二斤五花肉，一盘螺丝椒，胖龙做饭又研究出新花，看吃相就好吃	BV1uj411C74X	美食记录	2023-09-21 19:10:46	649661652	胖龙的小生活	395956	17135	2373	385	无推荐理由
豆瓣5.0暴死开局，国内没公映就对了，DC《蓝甲虫》到底有多烂？	BV1em4y157ME	影视杂谈	2023-09-20 18:05:49	7487399	努力的Lorre	1184297	77474	8033	1664	无推荐理由
炙热青春里最沸腾的一章	BV1A94y1s73N	搞笑	2023-09-17 17:38:24	3536996400105518	华-一-子	1704285	253268	203079	11161	无推荐理由
探秘稚晖君的神秘实验室，这确定不是钢铁侠的家？	BV11p4y1c7vf	极客DIY	2023-09-20 14:21:11	430777205	达尔闻	197062	7351	1720	817	无推荐理由
现在大学生已经这么卷了吗？！	BV1q84y1S7hF	音乐综合	2023-09-19 19:34:01	1962633	Yui柯基大聪明	422967	15411	754	163	无推荐理由
超强洗脑神曲《自由自在》！你能忍住不跟唱吗？	BV1p94y1p73h	翻唱	2023-09-20 14:36:21	698438232	扇宝	226667	25572	5614	635	无推荐理由
刺客圆弧7秒3个大，迅刃永恩10秒3个E！	BV13h4y1A7KS	电子竞技	2023-09-18 18:47:17	359138225	大D永恩ovo	1467907	73253	1408	1273	无推荐理由
#2  哥你咋来了？？？  【柯基】Minecraft多模组冒险之旅	BV1K8411i77s	单机游戏	2023-09-22 14:49:59	37780021	四川柯基菌	48515	9073	7371	66	无推荐理由
半年经：粤语读诗更押韵么？	BV1ZF411U7Dd	科学科普	2023-09-22 00:15:05	11498155	安森垚	138239	12023	818	241	无推荐理由
【华为 Mate60 系列】超强灵犀通信，信号时刻在线	BV1Xw411e7Le	数码	2023-09-21 10:01:52	102999485	华为终端	733840	67847	2764	2598	无推荐理由
宅男化身恶魔，竟然劫持517人的飞机，其背后有着怎样的故事	BV16K4y1w7DU	人文历史	2023-09-19 15:28:16	454719565	奇闻观察室	929510	41097	5859	902	无推荐理由
《戴森球计划》亮相TGS2023 大型更新“黑雾崛起”将于2023年12月上线	BV1eK4y1w7QX	单机游戏	2023-09-20 16:21:48	481714350	戴森球计划制作组	579698	37666	22315	13858	无推荐理由
【Stray Kids】EP.39 中秋特辑: SKZ家族归来 #1	BV1G34y1N7a5	音乐综合	2023-09-21 21:21:55	3461571609102962	StrayKids	185958	14839	4349	1649	无推荐理由
生存战争：再次开始原始求生！	BV1A94y1W7Gf	单机游戏	2023-09-22 16:22:30	9037593	灰机咕咕	72964	8994	1648	43	无推荐理由
超燃动作戏，甄子丹靠本片名声大噪，全程拳拳都肉，过瘾	BV1uj411C7sp	影视杂谈	2023-09-19 17:52:31	73528331	摩斯神探	1244494	67737	2240	468	无推荐理由
做了7年UP主，我终于实现了肥宅自由！	BV1Ap4y1w77Z	日常	2023-09-20 19:14:38	7487399	努力的Lorre	341035	28989	3394	371	无推荐理由
啥都没干的一天都干啥了 但其实啥都干了	BV1SF411U7fk	日常	2023-09-22 00:03:56	287468649	阿哈哈哈哈哈黑猫警长	194526	20546	598	112	无推荐理由
一镜到底！！《这么可爱真是抱歉》MV废案流出（	BV1Xh4y1Y7ve	搞笑	2023-09-17 02:04:02	13185941	爱茶茶茶茶	303824	59025	11059	2215	无推荐理由
曹氏鸭脖 其实你真的很装(^^)	BV1xP411b7wB	美食记录	2023-09-20 00:04:38	287468649	阿哈哈哈哈哈黑猫警长	1136402	88233	3235	5058	无推荐理由
跑多久，才能消耗一斤脂肪？	BV1Qh4y1h7Fw	健身	2023-09-19 14:04:02	1531707	叔贵	752785	44181	14636	2760	无推荐理由
【舍长】《生化危机4 重制版》DLC逆命殊途 02 既来之则拿拿之	BV13j411C73D	单机游戏	2023-09-22 19:37:56	70666	舍长驾到	32434	7243	5032	41	无推荐理由
每一口都是对早八的尊重。	BV1qy4y1F7fP	搞笑	2023-09-20 16:50:37	296092268	碎嘴企鹅	680443	96359	1852	1024	无推荐理由
四驱甲壳虫！大众没造的车我造了！	BV1tz4y1L73Y	改装玩车	2023-09-21 15:15:32	326783347	NMNP陈璟	126903	16629	21315	2997	无推荐理由
“我仿佛看到了小说的尽头”	BV17u411A724	出行	2023-09-13 16:56:10	3494362832963614	Lucius-风景	198203	25237	1984	1182	无推荐理由
【炸裂】辛西娅佳佳陪大家打工	BV1JN411J7fe	小剧场	2023-09-22 08:12:19	19535168	门腔	129691	22294	1767	281	无推荐理由
Excuse me！	BV1Qu4y1r7WH	搞笑	2023-09-19 16:18:28	291638819	so小马弟	503899	55132	1078	3314	5万点赞
【享拆】Redmi Note 13 Pro+ 拆解：千元机都上 IP68 了！	BV1Zw411e71Z	数码	2023-09-21 13:21:05	347441270	微机分WekiHome	281475	12084	1491	1016	无推荐理由
【伍佰】“唱又不让唱，走又走不了”	BV1em4y157cW	翻唱	2023-09-21 18:03:37	17134369	司墨尧smile	212234	15018	1326	776	无推荐理由
终于终于终于！裁纸刀解除了尺寸的限制！	BV1Bw411e7Zh	手工	2023-09-20 23:16:17	108035689	差生文具盒	864207	54045	569	608	5万点赞
最倒霉的一天（二）	BV1jz4y1L7qv	鬼畜调教	2023-09-21 18:40:05	342457336	你眼中的骷髅	135894	14138	1472	1718	无推荐理由
疑似芥见下下本人回应《咒术回战》第236话内容	BV1Nk4y1c7Ms	配音	2023-09-21 11:09:15	1649943	老渡鸽	480806	47774	1395	6786	配音·人气飙升
《B 界 西游 热门 游戏 玩家 现状 》！！	BV1D84y1S7bZ	短片·手书	2023-09-19 17:19:03	5818410	芦苇十三少	428076	55630	18602	616	无推荐理由
《阿牛今天吃点啥》——螺蛳炒面	BV1984y1S7KT	搞笑	2023-09-20 20:28:13	3461565017754459	b阿牛小卖部	665907	47337	1209	798	无推荐理由
火力全开丨EDG无畏契约洛杉矶冠军赛纪录片：重压之下	BV1qj411k79v	电子竞技	2023-09-21 19:24:36	31536760	EDG电子竞技俱乐部	152064	10555	5424	1035	无推荐理由
【皮肤展示】铃鹿御前全新古韵琢华系列皮肤「清弦斥」	BV1p34y1A7ro	手机游戏	2023-09-22 13:00:54	267637532	决战平安京官方	152261	10112	2087	6252	无推荐理由
当年火爆全网的神作，真实结局竟如此阴暗！	BV1dP411t7ss	单机游戏	2023-09-16 20:54:35	29108869	阿元解说	3390538	69571	5902	729	无推荐理由
中式三明治	BV1tu4y1r794	美食制作	2023-09-17 14:52:08	212369773	神奇小和	1477993	44956	758	2731	无推荐理由
卖富士买它，我后悔了吗-理光GR3x【值不值得买第616期】	BV1kP411b7bC	数码	2023-09-21 16:51:03	11336264	TESTV官方频道	127310	6651	1862	719	无推荐理由
这可能是原生家庭，对孩子最大的祝福【武志红】	BV1X8411v7jN	社科·法律·心理	2023-09-22 20:00:26	508670955	武志红讲心理	41994	2956	829	661	无推荐理由
【IGN】《龙之信条2》游戏介绍视频	BV1YH4y1S75S	单机游戏	2023-09-21 23:17:06	652239032	IGN中国	247422	7940	922	6167	无推荐理由
和闺蜜一起吃地道重庆火锅！自制川味大鸡排简直太香了！	BV1TK4y1F7iA	美食侦探	2023-09-21 16:35:29	649019192	方芳的快乐生活	461471	27725	5719	600	无推荐理由
【一拳超人】237话：吹雪组加入龙级战力！King四处踢馆惨遭打脸！	BV1H94y1p7mL	动漫杂谈	2023-09-21 15:57:23	26721635	假装冷酷的起灵	271344	14882	963	147	无推荐理由
拙劣的模仿	BV1jF411S75w	运动综合	2023-09-20 10:30:26	439925319	买不起马自达的keisuke	667012	17616	673	2415	无推荐理由
今天的台风甚是喧嚣	BV1f34y1P757	健身	2023-09-20 15:45:18	298054634	马哥巨离谱	296511	29781	9045	1041	无推荐理由
谁给我们的宿舍起个群名？	BV1894y1p7Sk	搞笑	2023-09-20 10:10:32	1659651634	七颗猩猩QKXX	1863181	150695	1668	2400	无推荐理由
男的甚至可以不知道对方叫什么就这样聊一下午	BV1Dj411k7eE	搞笑	2023-09-19 18:10:51	482673878	凳子凳子_	1528586	192468	713	1751	百万播放
【罪恶都市】全程六星通缉通关！！#1	BV1H8411i7GK	单机游戏	2023-09-22 14:56:45	54712725	Okami丶鬼道	54226	5065	1682	68	无推荐理由
海绵宝宝配音助眠	BV1QP411b7of	日常	2023-09-20 19:32:32	3494377427044900	慕斯酱ASMR助眠	287263	37059	1901	875	无推荐理由
上课学英语，下课练剑法？道学院的课程有多玄幻，成为道士要经过多少考核？	BV1CF411U7Yk	人文历史	2023-09-21 12:04:31	1195284234	李白尼的猜想	140131	16294	1633	958	无推荐理由
我做的饭太好吃了全家都爱吃	BV1fz4y1G7sC	搞笑	2023-09-19 23:03:28	28687359	陈不打工陈	584236	21391	1353	386	无推荐理由
⚡《主播女孩重度依赖》，但东北话⚡	BV1PN411H73Y	翻唱	2023-09-16 02:13:54	390254031	皮皮果er	740042	108758	21279	10449	无推荐理由
【半佛】蜂花爆火背后，隐藏着风险	BV128411v7KF	财经商业	2023-09-20 17:19:46	37663924	硬核的半佛仙人	1073700	50112	6903	1571	无推荐理由
特厨探店 | 好吃但藏在居民楼里面，这种店到底是谁先发现的捏？！泸州幺妹	BV1qN411H7Vk	美食侦探	2023-09-20 20:08:00	1462401621	特厨隋卞	469961	38603	1574	1137	无推荐理由
当你对时间的感觉已经麻木时	BV1U84y1S73G	小剧场	2023-09-21 19:48:05	293690540	大黑口	284765	40198	928	114	无推荐理由
万物皆有情！一位老人，一头老黄牛，其实很多时候人比动物更有感情！	BV15u411w7ZM	搞笑	2023-09-20 22:03:27	1908066470	拾叁说故事	185126	23475	1977	521	无推荐理由
他的温柔如涓涓细流,浸润着我们的生活	BV1tu411g7i5	短片	2023-09-20 19:15:49	442899069	这是TA的故事a	192665	24106	1590	959	无推荐理由
野区萧炎新赛季一次修了五种卡法？全新的三种三千雷动卡法教学 在被修复的基础进行改良的全新卡法！	BV1th4y1a7aw	手机游戏	2023-09-20 17:29:54	345255723	黑羽kkkk	467526	28047	1098	1572	无推荐理由
连史纸	BV1o8411v7Dw	三农	2023-09-21 18:36:16	3494349557992101	归乡人山白	100811	16195	4586	165	无推荐理由
群 口 相 声：《怡 琦 道 歉》	BV1Tm4y157En	鬼畜剧场	2023-09-20 10:44:47	51844730	老实人张精贵	301992	10936	1573	1664	无推荐理由
下巴 惊呆掉了！	BV1py4y1F7uF	喵星人	2023-09-20 17:31:09	2129674553	郑州的一个兽医	1044787	91508	868	2038	百万播放
《如此前任》	BV1CV411w7Tc	搞笑	2023-09-17 21:10:27	3537113698011796	杨晓艺呀	1371243	114427	1541	764	无推荐理由
刚开学哪有不想家的....	BV18u4y1r7uz	搞笑	2023-09-17 13:45:26	395415494	熬一耶ye	1717145	119971	1703	1084	无推荐理由
本来想city walk，没想到晒成hot dog	BV1YV411A7Eu	搞笑	2023-09-21 15:53:09	1612958134	冯牡丹无Emoji版	171214	28725	989	247	无推荐理由
收货吗老板？	BV17p4y1P7Yu	亲子	2023-09-21 02:28:00	3537109952498345	由由大人-	952522	66600	655	2535	无推荐理由
狼王与小女孩的故事。	BV14w411e7js	野生动物	2023-09-19 17:37:01	1857280691	小马爱动物	185848	25561	1724	74	无推荐理由
父母的魔法：告诉他烦恼，烦恼一个变成两个……告诉他快乐，快乐消失啦！	BV1sm4y1579W	日常	2023-09-21 07:20:36	1988929420	侃木头哦	127148	11366	1424	1581	无推荐理由
780买张牛皮，大冬做“酿牛皮”，忙活3天，吃嘴里都值了	BV1Fj411C7gU	美食制作	2023-09-20 11:23:05	386645050	苗大冬	436768	12420	1889	167	无推荐理由
【卧推悲剧】不要让它发生到你身上！	BV1eP411b7m4	健身	2023-09-21 11:13:02	1070980577	CoachGreg格教练	357830	17592	2997	1091	无推荐理由
勇敢的教官	BV1zH4y1S7NZ	日常	2023-09-20 14:45:25	244422224	讯呃简单	1475353	46038	1356	12084	百万播放
不加一滴水的番茄虾片汤，酸甜浓郁好吃到舔盘，快让对象动手吧！	BV1jm4y157zQ	美食制作	2023-09-20 10:17:40	639540640	_陈小井	384727	17737	1563	1798	无推荐理由
《崩坏：星穹铁道》走近星穹——「玲可：大的药来了！」	BV1A34y1N7cD	手机游戏	2023-09-20 21:15:04	1340190821	崩坏星穹铁道	729048	76482	6442	2234	无推荐理由
阿星VS火云邪神·如来神掌的终极奥义是什么？ | 漫谈周星驰电影《功夫》【终结篇】	BV1uF411m7Pu	影视杂谈	2023-09-22 11:05:47	14079696	Kimo桑	87186	6802	2945	70	无推荐理由
你们的球搭子也是这样吗？	BV1xN411H7Dp	搞笑	2023-09-19 12:31:17	410675812	韩波格_	1978512	155866	551	2070	无推荐理由
身后女生：我把一生所有的伤心事都想了个遍	BV13p4y1w7eF	绘画	2023-09-20 21:09:17	3494374419728390	奶油剃刀-	1320946	111746	2783	7179	百万播放
2K的IP68手机哪里贵了？红米note13 pro+	BV1Qu411c7u9	数码	2023-09-21 18:37:38	426493711	蓝朋友TV	169535	8767	1729	423	无推荐理由
“十万共军露宿街头也绝不入民宅，这就是中国军人，人民的子弟兵”	BV1cp4y1w7k6	影视剪辑	2023-09-21 18:29:27	601595101	顾麟迟	191478	20919	707	31	无推荐理由
哇！我的物理老师会“魔法”	BV1RP411t7p8	综合	2023-09-18 08:57:54	456664753	央视新闻	746562	49705	2958	1166	无推荐理由
商务舱 VS 经济舱！票价相差10倍！飞机餐有多大区别？	BV1LN411H7Ut	美食侦探	2023-09-15 23:04:24	406636263	HOLA小测佬	3828853	262056	65929	5523	无推荐理由
咱就是说我这60级突破了怎么和玩一样…	BV1sK4y1w7Kv	网络游戏	2023-09-20 18:14:42	1617097682	梓宸爱公子-原神	426066	44369	651	199	无推荐理由
【苏星河】这个软件对于iPhone的改变，比苹果这十年来做的都多	BV1Nu411w7DL	软件应用	2023-09-19 16:26:46	598464467	苏星河牛通	869131	40789	8049	5177	无推荐理由
全近战六星干员 VS 突袭·大亚当，梦回开服【明日方舟】	BV17V411A7HG	手机游戏	2023-09-20 22:03:05	13371339	樗柒ヽ	407800	24693	2208	289	无推荐理由
花2200买了一只摆烂鸟，到家天天睡大觉	BV1Qz4y157eG	小宠异宠	2023-09-18 18:45:09	491367091	一只小皮皮呀丶	1342576	45149	3480	8672	无推荐理由
《崩坏：星穹铁道》走近星穹——「符玄：世纪难题之下任将军究竟何时赴任？」	BV1tw411e7ux	手机游戏	2023-09-19 21:03:04	1340190821	崩坏星穹铁道	1092468	104624	20904	3928	无推荐理由
寻找香格里拉，云南丽江香格里拉纯电车自驾游！	BV1QN411H7PR	出行	2023-09-19 19:53:14	35847683	峰哥亡命天涯	263219	10486	1699	549	无推荐理由
以后吃饭再不买单，兄弟都没得做！	BV1VF411S7bg	小剧场	2023-09-19 20:30:03	639855783	管春哇	966064	38936	529	274	无推荐理由
【轻音少女X孤独摇滚】跨越了十三年的大合唱！！！居然毫无违和感？！一定要看到最后！！	BV1Rh4y1A795	MAD·AMV	2023-09-18 22:12:03	398697424	溪海龙汪	151161	24678	11654	2300	无推荐理由
2023崩坏3生日会  做不完了啊啊啊！！	BV15H4y1S7Ej	手机游戏	2023-09-21 23:01:23	6768352	粥粥的奇妙冒险	113380	17165	2062	661	无推荐理由
在10人追杀下仅1h通关泰拉瑞亚！究竟能否成功？泰拉瑞亚猎人游戏第三季#2	BV1K94y1p7F8	单机游戏	2023-09-19 10:05:06	97094027	乔治的新恐龙	92147	8242	3933	372	无推荐理由
孤勇的手语律师，于无声处捍卫聋哑人的权利	BV1Nz4y1V7j5	社科·法律·心理	2023-09-20 13:11:48	525814342	陈皮说故事	143958	24072	3397	407	无推荐理由
这是我见过最奇葩的比赛，丹麦背媳妇儿锦标赛，竟然出奇得精彩！	BV15u411w73B	竞技体育	2023-09-20 17:06:02	302373005	困兽之战_混战	650846	11965	629	6623	无推荐理由
妈妈做的美食合集来啦！我爱我妈！！！！	BV1Vy4y1F7RD	美食制作	2023-09-19 16:44:21	2119090681	喉结儿	887744	70343	1972	6094	7万点赞
“我 推 的 花 西 子”	BV1MV411A7Sc	人力VOCALOID	2023-09-18 22:48:19	64827416	城之悠二	206238	24726	2485	2378	无推荐理由
你们有没有这样的宿友	BV13F411S7hK	搞笑	2023-09-20 14:14:35	1548805549	甜蜜老张	768751	62602	1494	619	无推荐理由
【基德】墨西哥外星人的真相	BV1hV411A7fP	科学科普	2023-09-19 00:16:01	510856133	吟游诗人基德	1596492	81694	11526	6576	无推荐理由
我珍藏多年的6个让泡面好吃翻倍的奇妙吃法	BV1XC4y1f7sT	美食制作	2023-09-15 23:42:24	474803476	泡厨房的顾小胖	1147729	84120	25009	25723	无推荐理由
【扒】憨憨一夜暴富，哈佛精英变神经，一群孩子的40年《辛普森一家》之痛苦密码	BV1nN411H7jS	综合	2023-09-20 17:44:07	301717426	周扒片	441981	35814	5714	669	无推荐理由
宅家扣饭局，6道下饭神菜，今天对付一口吧~	BV1pj41187eV	美食记录	2023-09-22 17:16:49	50107323	传说中的蕙蕙	58093	5643	3424	39	无推荐理由
【原神手书】溺于悲伤之浪	BV1134y1P7UT	短片·手书	2023-09-16 19:50:49	1011627201	愚人戏社	196934	48662	17412	2198	无推荐理由
左眼为了忘记你 右眼为了记佳你	BV17K4y1w7Cf	搞笑	2023-09-21 09:53:39	371855100	海铭爱美丽	295327	49480	833	2903	无推荐理由
用了思题目，学习不迷糊！用广告的方式打开steam...	BV1ZV411w7Nq	数码	2023-09-18 16:56:35	1230170596	暴走星号键	787683	95691	17126	27781	无推荐理由
社恐二次元宅家看番吃外卖差点被谋杀….	BV1jy4y1F73H	日常	2023-09-19 19:14:21	406565772	夏雨lacey	711862	48613	2933	2541	无推荐理由
【补档】相亲的男人有多自信，江南七怪让你感受窒息的诱惑	BV1aw411e74K	娱乐杂谈	2023-09-20 17:50:55	27218150	刘哔电影	704885	26168	3350	10529	无推荐理由
预算11666，看看荣仔是怎么坑他的高中同学！	BV1wu411w76p	数码	2023-09-21 11:55:38	457464156	重庆IT超市	197667	16006	546	303	无推荐理由
我要发起一场全网青年聚会	BV11w411e78n	日常	2023-09-21 01:04:18	173469252	Zhan丨	456517	48479	22234	2344	无推荐理由
英语老师直呼内行	BV1V94y1s71N	搞笑	2023-09-17 19:08:35	1165909372	马克的致郁动画	1978439	186984	5531	22765	百万播放
紧跟时事的天才？！！！	BV1PV411A73c	手机游戏	2023-09-20 03:17:14	57704110	叶忍菌	537285	73529	4035	2915	7万点赞
路飞号正式试航啦	BV1Dk4y1F7Ch	设计·创意	2023-09-20 11:24:51	3537116589984449	自己造船的路飞	375684	36893	4671	536	无推荐理由
碳水易胖体质？30秒的时间做个测试！	BV1ak4y1w7ME	美食记录	2023-09-17 17:31:40	1436049318	营养师齐小明	1301711	54648	1058	4693	百万播放
【星穹铁道】符玄战斗系统模拟，量化生存能力，给出最佳光锥遗器搭配	BV1834y1A7hY	手机游戏	2023-09-22 20:29:27	7503663	泡椒_泡椒	25091	3367	2517	266	无推荐理由
这才是夜之城的完全体？《赛博朋克：往日之影》先行试玩体验	BV1HV411A7i6	单机游戏	2023-09-21 01:21:09	471303350	大狸子切切里	402751	19873	4336	1424	无推荐理由
本校读研最大的感受，就是...	BV1Rj411k7Ux	日常	2023-09-20 19:29:54	470938160	果果小师兄	498115	36793	660	1900	很多人点赞
【高圆圆】在人民广场不吃炸鸡吃包子!｜上海之行	BV1JP411b7hV	明星综合	2023-09-20 14:47:54	2114287232	高圆圆	661126	55499	2119	1983	无推荐理由
用Mate 60 Pro，我竟然拍到了这些画面...	BV1N94y1p7AK	数码	2023-09-21 19:03:18	41236003	花城男孩_	87038	6715	1318	1314	无推荐理由
对不起大爷，我不是故意的哈哈哈	BV1Mj411k7z9	演奏	2023-09-18 18:18:27	3493290026470069	东东的二胡	457086	47039	1590	415	无推荐理由
